t,shock_type,shock_point,policy,task_difficulty,chosen_agent,match_score,latency_ms,call_cost,success,error_type,phase
0,A_unavailable,250,linucb,simple,A,0.95,437.9405975341797,0.1,1,none,pre
1,A_unavailable,250,linucb,hard,D,0.95,1516.9546604156494,1.0,1,none,pre
2,A_unavailable,250,linucb,simple,A,0.95,484.0691089630127,0.1,1,none,pre
3,A_unavailable,250,linucb,simple,A,0.95,368.605375289917,0.1,1,none,pre
4,A_unavailable,250,linucb,simple,A,0.95,479.53081130981445,0.1,1,none,pre
5,A_unavailable,250,linucb,hard,D,0.95,1828.5729885101318,1.0,1,none,pre
6,A_unavailable,250,linucb,hard,E,0.75,4575.0892162323,1.9500000000000002,1,none,pre
7,A_unavailable,250,linucb,hard,E,0.75,4405.183553695679,1.9500000000000002,1,none,pre
8,A_unavailable,250,linucb,simple,A,0.95,615.9679889678955,0.1,1,none,pre
9,A_unavailable,250,linucb,hard,D,0.95,2115.368366241455,1.0,1,none,pre
10,A_unavailable,250,linucb,simple,A,0.95,480.99374771118164,0.1,1,none,pre
11,A_unavailable,250,linucb,hard,E,0.75,3496.6437816619873,1.9500000000000002,1,none,pre
12,A_unavailable,250,linucb,simple,A,0.95,445.42741775512695,0.1,1,none,pre
13,A_unavailable,250,linucb,hard,E,0.75,3980.8075428009033,1.9500000000000002,1,none,pre
14,A_unavailable,250,linucb,hard,E,0.75,3464.4229412078857,1.9500000000000002,1,none,pre
15,A_unavailable,250,linucb,hard,E,0.75,5092.698574066162,1.9500000000000002,1,none,pre
16,A_unavailable,250,linucb,simple,A,0.95,544.6164608001709,0.1,1,none,pre
17,A_unavailable,250,linucb,hard,E,0.75,3885.4334354400635,1.9500000000000002,1,none,pre
18,A_unavailable,250,linucb,simple,A,0.95,513.2496356964111,0.1,1,none,pre
19,A_unavailable,250,linucb,simple,A,0.95,459.183931350708,0.1,1,none,pre
20,A_unavailable,250,linucb,simple,A,0.95,651.3020992279053,0.1,1,none,pre
21,A_unavailable,250,linucb,hard,E,0.75,4164.23225402832,1.9500000000000002,1,none,pre
22,A_unavailable,250,linucb,simple,A,0.95,573.9471912384033,0.1,1,none,pre
23,A_unavailable,250,linucb,hard,D,0.95,1989.8242950439453,1.0,1,none,pre
24,A_unavailable,250,linucb,simple,A,0.95,488.87014389038086,0.1,1,none,pre
25,A_unavailable,250,linucb,hard,D,0.95,1606.5444946289062,1.0,1,none,pre
26,A_unavailable,250,linucb,simple,A,0.95,399.4331359863281,0.1,1,none,pre
27,A_unavailable,250,linucb,simple,A,0.95,406.6963195800781,0.1,1,none,pre
28,A_unavailable,250,linucb,hard,E,0.75,4012.340784072876,1.9500000000000002,1,none,pre
29,A_unavailable,250,linucb,simple,I,0.95,1910.0821018218994,0.275,1,none,pre
30,A_unavailable,250,linucb,simple,A,0.95,400.46238899230957,0.1,1,none,pre
31,A_unavailable,250,linucb,simple,A,0.95,364.58444595336914,0.1,1,none,pre
32,A_unavailable,250,linucb,simple,A,0.95,441.0545825958252,0.1,1,none,pre
33,A_unavailable,250,linucb,hard,D,0.95,1860.733985900879,1.0,1,none,pre
34,A_unavailable,250,linucb,hard,D,0.95,1896.9581127166748,1.0,1,none,pre
35,A_unavailable,250,linucb,hard,E,0.75,4112.028360366821,1.9500000000000002,1,none,pre
36,A_unavailable,250,linucb,simple,A,0.95,421.8933582305908,0.1,1,none,pre
37,A_unavailable,250,linucb,simple,A,0.95,474.9455451965332,0.1,1,none,pre
38,A_unavailable,250,linucb,simple,I,0.95,1651.7870426177979,0.275,1,none,pre
39,A_unavailable,250,linucb,hard,D,0.95,2020.1940536499023,1.0,1,none,pre
40,A_unavailable,250,linucb,simple,A,0.95,520.1447010040283,0.1,1,none,pre
41,A_unavailable,250,linucb,simple,A,0.95,516.3462162017822,0.1,1,none,pre
42,A_unavailable,250,linucb,hard,E,0.75,3524.3489742279053,1.9500000000000002,1,none,pre
43,A_unavailable,250,linucb,hard,E,0.75,4289.082050323486,1.9500000000000002,1,none,pre
44,A_unavailable,250,linucb,simple,A,0.95,442.0747756958008,0.1,1,none,pre
45,A_unavailable,250,linucb,hard,D,0.95,2370.0153827667236,1.0,1,none,pre
46,A_unavailable,250,linucb,hard,E,0.75,3454.3652534484863,1.9500000000000002,1,none,pre
47,A_unavailable,250,linucb,simple,A,0.95,422.6040840148926,0.1,1,none,pre
48,A_unavailable,250,linucb,simple,A,0.95,369.8868751525879,0.1,1,none,pre
49,A_unavailable,250,linucb,simple,A,0.95,559.1273307800293,0.1,1,none,pre
50,A_unavailable,250,linucb,simple,A,0.95,1214.1847610473633,0.1,1,none,pre
51,A_unavailable,250,linucb,simple,A,0.95,506.6640377044678,0.1,1,none,pre
52,A_unavailable,250,linucb,simple,A,0.95,427.89483070373535,0.1,1,none,pre
53,A_unavailable,250,linucb,simple,A,0.95,487.0901107788086,0.1,1,none,pre
54,A_unavailable,250,linucb,simple,A,0.95,394.80042457580566,0.1,1,none,pre
55,A_unavailable,250,linucb,simple,A,0.95,610.7730865478516,0.1,1,none,pre
56,A_unavailable,250,linucb,simple,A,0.95,621.3908195495605,0.1,1,none,pre
57,A_unavailable,250,linucb,hard,D,0.95,1863.4059429168701,1.0,1,none,pre
58,A_unavailable,250,linucb,simple,A,0.95,422.6977825164795,0.1,1,none,pre
59,A_unavailable,250,linucb,simple,A,0.95,433.4228038787842,0.1,1,none,pre
60,A_unavailable,250,linucb,hard,D,0.95,1945.754051208496,1.0,1,none,pre
61,A_unavailable,250,linucb,hard,D,0.95,2864.6769523620605,1.0,1,none,pre
62,A_unavailable,250,linucb,hard,E,0.75,4415.558576583862,1.35,1,none,pre
63,A_unavailable,250,linucb,simple,A,0.95,390.0887966156006,0.1,1,none,pre
64,A_unavailable,250,linucb,hard,E,0.75,3707.606077194214,1.35,1,none,pre
65,A_unavailable,250,linucb,hard,D,0.95,1761.0886096954346,1.0,1,none,pre
66,A_unavailable,250,linucb,simple,A,0.95,446.8369483947754,0.1,1,none,pre
67,A_unavailable,250,linucb,simple,A,0.95,375.3960132598877,0.1,1,none,pre
68,A_unavailable,250,linucb,hard,D,0.95,1700.4547119140625,1.0,1,none,pre
69,A_unavailable,250,linucb,simple,A,0.95,438.83490562438965,0.1,1,none,pre
70,A_unavailable,250,linucb,simple,A,0.95,430.2523136138916,0.1,1,none,pre
71,A_unavailable,250,linucb,simple,A,0.95,524.8236656188965,0.1,1,none,pre
72,A_unavailable,250,linucb,hard,D,0.95,2312.2198581695557,1.0,1,none,pre
73,A_unavailable,250,linucb,simple,A,0.95,475.907564163208,0.1,1,none,pre
74,A_unavailable,250,linucb,hard,D,0.95,2049.7963428497314,1.0,1,none,pre
75,A_unavailable,250,linucb,hard,E,0.75,4434.961318969727,1.35,1,none,pre
76,A_unavailable,250,linucb,simple,A,0.95,365.25440216064453,0.1,1,none,pre
77,A_unavailable,250,linucb,simple,A,0.95,401.0586738586426,0.1,1,none,pre
78,A_unavailable,250,linucb,hard,D,0.95,1526.318073272705,1.0,1,none,pre
79,A_unavailable,250,linucb,simple,A,0.95,559.5321655273438,0.1,1,none,pre
80,A_unavailable,250,linucb,hard,D,0.95,2020.2748775482178,1.0,1,none,pre
81,A_unavailable,250,linucb,simple,A,0.95,427.60658264160156,0.1,1,none,pre
82,A_unavailable,250,linucb,simple,A,0.95,483.182430267334,0.1,1,none,pre
83,A_unavailable,250,linucb,hard,E,0.75,3794.2445278167725,1.35,1,none,pre
84,A_unavailable,250,linucb,simple,A,0.95,354.5999526977539,0.1,1,none,pre
85,A_unavailable,250,linucb,hard,D,0.95,1504.3704509735107,1.0,1,none,pre
86,A_unavailable,250,linucb,simple,A,0.95,401.9744396209717,0.1,1,none,pre
87,A_unavailable,250,linucb,simple,A,0.95,484.80701446533203,0.1,1,none,pre
88,A_unavailable,250,linucb,simple,A,0.95,498.45290184020996,0.1,1,none,pre
89,A_unavailable,250,linucb,hard,E,0.75,4345.956325531006,1.35,1,none,pre
90,A_unavailable,250,linucb,hard,E,0.75,4239.643573760986,1.35,1,none,pre
91,A_unavailable,250,linucb,hard,E,0.75,4169.543266296387,1.35,1,none,pre
92,A_unavailable,250,linucb,simple,A,0.95,483.35886001586914,0.1,1,none,pre
93,A_unavailable,250,linucb,hard,E,0.75,3508.6328983306885,1.35,1,none,pre
94,A_unavailable,250,linucb,simple,A,0.95,416.3384437561035,0.1,1,none,pre
95,A_unavailable,250,linucb,hard,E,0.75,3467.5467014312744,1.35,1,none,pre
96,A_unavailable,250,linucb,simple,A,0.95,393.97644996643066,0.1,1,none,pre
97,A_unavailable,250,linucb,simple,A,0.95,455.7008743286133,0.1,1,none,pre
98,A_unavailable,250,linucb,hard,E,0.75,3357.314348220825,1.35,1,none,pre
99,A_unavailable,250,linucb,hard,D,0.95,2365.3564453125,1.0,1,none,pre
100,A_unavailable,250,linucb,hard,D,0.95,1547.964334487915,1.0,1,none,pre
101,A_unavailable,250,linucb,hard,E,0.75,3884.3367099761963,1.35,1,none,pre
102,A_unavailable,250,linucb,hard,E,0.75,2923.4745502471924,1.35,1,none,pre
103,A_unavailable,250,linucb,simple,A,0.95,491.87755584716797,0.1,1,none,pre
104,A_unavailable,250,linucb,simple,A,0.95,707.3194980621338,0.1,1,none,pre
105,A_unavailable,250,linucb,hard,D,0.95,1478.8103103637695,1.0,1,none,pre
106,A_unavailable,250,linucb,hard,D,0.95,1807.9144954681396,1.0,1,none,pre
107,A_unavailable,250,linucb,hard,D,0.95,2232.694625854492,1.0,1,none,pre
108,A_unavailable,250,linucb,simple,A,0.95,480.9548854827881,0.1,1,none,pre
109,A_unavailable,250,linucb,hard,D,0.95,2367.1796321868896,1.0,1,none,pre
110,A_unavailable,250,linucb,simple,A,0.95,395.27225494384766,0.1,1,none,pre
111,A_unavailable,250,linucb,simple,A,0.95,490.07678031921387,0.1,1,none,pre
112,A_unavailable,250,linucb,simple,A,0.95,459.81597900390625,0.1,1,none,pre
113,A_unavailable,250,linucb,hard,D,0.95,1995.5072402954102,1.0,1,none,pre
114,A_unavailable,250,linucb,simple,A,0.95,349.52783584594727,0.1,1,none,pre
115,A_unavailable,250,linucb,hard,D,0.95,2924.640417098999,1.0,1,none,pre
116,A_unavailable,250,linucb,simple,A,0.95,371.13094329833984,0.1,1,none,pre
117,A_unavailable,250,linucb,hard,D,0.95,2480.2048206329346,1.0,1,none,pre
118,A_unavailable,250,linucb,simple,A,0.95,476.47809982299805,0.1,1,none,pre
119,A_unavailable,250,linucb,hard,D,0.95,3687.904119491577,1.0,1,none,pre
120,A_unavailable,250,linucb,simple,A,0.95,575.3257274627686,0.1,1,none,pre
121,A_unavailable,250,linucb,hard,D,0.95,2000.8220672607422,1.0,1,none,pre
122,A_unavailable,250,linucb,simple,A,0.95,623.9478588104248,0.1,1,none,pre
123,A_unavailable,250,linucb,simple,A,0.95,649.9912738800049,0.1,1,none,pre
124,A_unavailable,250,linucb,hard,E,0.75,9329.120397567749,1.35,1,none,pre
125,A_unavailable,250,linucb,simple,A,0.95,387.9847526550293,0.1,1,none,pre
126,A_unavailable,250,linucb,hard,E,0.75,3791.151523590088,1.35,1,none,pre
127,A_unavailable,250,linucb,simple,A,0.95,453.19247245788574,0.1,1,none,pre
128,A_unavailable,250,linucb,hard,E,0.75,4512.243270874023,1.35,1,none,pre
129,A_unavailable,250,linucb,hard,D,0.95,1592.4341678619385,1.0,1,none,pre
130,A_unavailable,250,linucb,hard,D,0.95,2414.8664474487305,1.0,1,none,pre
131,A_unavailable,250,linucb,simple,A,0.95,447.77941703796387,0.1,1,none,pre
132,A_unavailable,250,linucb,simple,I,0.95,1620.737075805664,0.275,1,none,pre
133,A_unavailable,250,linucb,simple,A,0.95,426.8839359283447,0.1,1,none,pre
134,A_unavailable,250,linucb,hard,D,0.95,2060.981273651123,1.0,1,none,pre
135,A_unavailable,250,linucb,hard,D,0.95,1522.0987796783447,1.0,1,none,pre
136,A_unavailable,250,linucb,hard,D,0.95,2530.8279991149902,1.0,1,none,pre
137,A_unavailable,250,linucb,simple,A,0.95,486.10949516296387,0.1,1,none,pre
138,A_unavailable,250,linucb,hard,D,0.95,1558.6462020874023,1.0,1,none,pre
139,A_unavailable,250,linucb,simple,A,0.95,382.23958015441895,0.1,1,none,pre
140,A_unavailable,250,linucb,hard,E,0.75,4981.237411499023,1.35,1,none,pre
141,A_unavailable,250,linucb,hard,E,0.75,4901.567220687866,1.35,1,none,pre
142,A_unavailable,250,linucb,simple,A,0.95,404.1118621826172,0.1,1,none,pre
143,A_unavailable,250,linucb,hard,D,0.95,1734.4813346862793,1.0,1,none,pre
144,A_unavailable,250,linucb,simple,A,0.95,516.451358795166,0.1,1,none,pre
145,A_unavailable,250,linucb,simple,A,0.95,400.30407905578613,0.1,1,none,pre
146,A_unavailable,250,linucb,simple,A,0.95,427.78921127319336,0.1,1,none,pre
147,A_unavailable,250,linucb,simple,A,0.95,515.4297351837158,0.1,1,none,pre
148,A_unavailable,250,linucb,hard,D,0.95,2023.0650901794434,1.0,1,none,pre
149,A_unavailable,250,linucb,hard,D,0.95,1581.6385746002197,1.0,1,none,pre
150,A_unavailable,250,linucb,hard,E,0.75,4037.585496902466,1.35,1,none,pre
151,A_unavailable,250,linucb,simple,A,0.95,443.9380168914795,0.1,1,none,pre
152,A_unavailable,250,linucb,hard,E,0.75,3423.9261150360107,1.35,1,none,pre
153,A_unavailable,250,linucb,simple,A,0.95,509.8686218261719,0.1,1,none,pre
154,A_unavailable,250,linucb,hard,D,0.95,1949.728012084961,1.0,1,none,pre
155,A_unavailable,250,linucb,hard,D,0.95,1276.6776084899902,1.0,1,none,pre
156,A_unavailable,250,linucb,hard,D,0.95,1470.3540802001953,1.0,1,none,pre
157,A_unavailable,250,linucb,hard,D,0.95,1639.8820877075195,1.0,1,none,pre
158,A_unavailable,250,linucb,simple,A,0.95,538.344144821167,0.1,1,none,pre
159,A_unavailable,250,linucb,simple,A,0.95,394.5498466491699,0.1,1,none,pre
160,A_unavailable,250,linucb,hard,E,0.75,1313.96484375,0.35,1,none,pre
161,A_unavailable,250,linucb,hard,E,0.75,3569.0786838531494,1.35,1,none,pre
162,A_unavailable,250,linucb,simple,A,0.95,493.79849433898926,0.1,1,none,pre
163,A_unavailable,250,linucb,hard,E,0.75,3666.8941974639893,1.35,1,none,pre
164,A_unavailable,250,linucb,hard,D,0.95,2175.421953201294,1.0,1,none,pre
165,A_unavailable,250,linucb,hard,D,0.95,1772.0463275909424,1.0,1,none,pre
166,A_unavailable,250,linucb,hard,E,0.75,1329.148292541504,0.35,1,none,pre
167,A_unavailable,250,linucb,simple,A,0.95,399.7199535369873,0.1,1,none,pre
168,A_unavailable,250,linucb,hard,D,0.95,2544.0545082092285,1.0,1,none,pre
169,A_unavailable,250,linucb,hard,E,0.75,875.5061626434326,0.35,1,none,pre
170,A_unavailable,250,linucb,hard,D,0.95,1878.5693645477295,1.0,1,none,pre
171,A_unavailable,250,linucb,simple,A,0.95,472.0022678375244,0.1,1,none,pre
172,A_unavailable,250,linucb,simple,A,0.95,476.1021137237549,0.1,1,none,pre
173,A_unavailable,250,linucb,simple,A,0.95,491.8668270111084,0.1,1,none,pre
174,A_unavailable,250,linucb,simple,A,0.95,590.3663635253906,0.1,1,none,pre
175,A_unavailable,250,linucb,simple,A,0.95,432.5110912322998,0.1,1,none,pre
176,A_unavailable,250,linucb,hard,E,0.75,1512.95804977417,0.35,1,none,pre
177,A_unavailable,250,linucb,simple,A,0.95,504.7903060913086,0.1,1,none,pre
178,A_unavailable,250,linucb,hard,E,0.75,5147.214412689209,1.35,1,none,pre
179,A_unavailable,250,linucb,hard,E,0.75,3788.255214691162,1.35,1,none,pre
180,A_unavailable,250,linucb,hard,E,0.75,4480.286121368408,1.35,1,none,pre
181,A_unavailable,250,linucb,hard,E,0.75,3378.3650398254395,1.35,1,none,pre
182,A_unavailable,250,linucb,hard,D,0.95,2074.9175548553467,1.0,1,none,pre
183,A_unavailable,250,linucb,simple,A,0.95,464.0347957611084,0.1,1,none,pre
184,A_unavailable,250,linucb,hard,D,0.95,1966.5100574493408,1.0,1,none,pre
185,A_unavailable,250,linucb,hard,D,0.95,3550.509452819824,1.0,1,none,pre
186,A_unavailable,250,linucb,simple,A,0.95,360.3217601776123,0.1,1,none,pre
187,A_unavailable,250,linucb,hard,E,0.75,6510.310173034668,1.35,1,none,pre
188,A_unavailable,250,linucb,hard,D,0.95,2573.488712310791,1.0,1,none,pre
189,A_unavailable,250,linucb,hard,D,0.95,1420.5381870269775,1.0,1,none,pre
190,A_unavailable,250,linucb,simple,A,0.95,471.71664237976074,0.1,1,none,pre
191,A_unavailable,250,linucb,hard,E,0.75,629.1885375976562,0.35,1,none,pre
192,A_unavailable,250,linucb,simple,I,0.95,1960.3872299194336,0.275,1,none,pre
193,A_unavailable,250,linucb,simple,A,0.95,545.8197593688965,0.1,1,none,pre
194,A_unavailable,250,linucb,simple,A,0.95,505.4936408996582,0.1,1,none,pre
195,A_unavailable,250,linucb,simple,A,0.95,446.54107093811035,0.1,1,none,pre
196,A_unavailable,250,linucb,simple,A,0.95,384.019136428833,0.1,1,none,pre
197,A_unavailable,250,linucb,simple,A,0.95,449.06020164489746,0.1,1,none,pre
198,A_unavailable,250,linucb,simple,A,0.95,481.48250579833984,0.1,1,none,pre
199,A_unavailable,250,linucb,hard,E,0.75,3587.449789047241,1.35,1,none,pre
200,A_unavailable,250,linucb,simple,A,0.95,466.63784980773926,0.1,1,none,pre
201,A_unavailable,250,linucb,hard,E,0.75,3628.889799118042,1.35,1,none,pre
202,A_unavailable,250,linucb,hard,E,0.75,3807.2750568389893,1.35,1,none,pre
203,A_unavailable,250,linucb,hard,D,0.95,1771.4488506317139,1.0,1,none,pre
204,A_unavailable,250,linucb,simple,A,0.95,456.3462734222412,0.1,1,none,pre
205,A_unavailable,250,linucb,hard,E,0.75,3406.583786010742,1.35,1,none,pre
206,A_unavailable,250,linucb,hard,D,0.95,2290.487289428711,1.0,1,none,pre
207,A_unavailable,250,linucb,simple,A,0.95,554.8818111419678,0.1,1,none,pre
208,A_unavailable,250,linucb,simple,A,0.95,688.892126083374,0.1,1,none,pre
209,A_unavailable,250,linucb,hard,D,0.95,1832.9155445098877,1.0,1,none,pre
210,A_unavailable,250,linucb,simple,A,0.95,567.8579807281494,0.1,1,none,pre
211,A_unavailable,250,linucb,simple,A,0.95,585.8614444732666,0.1,1,none,pre
212,A_unavailable,250,linucb,simple,A,0.95,412.6279354095459,0.1,1,none,pre
213,A_unavailable,250,linucb,simple,A,0.95,521.7504501342773,0.1,1,none,pre
214,A_unavailable,250,linucb,simple,A,0.95,394.20032501220703,0.1,1,none,pre
215,A_unavailable,250,linucb,simple,A,0.95,798.2838153839111,0.1,1,none,pre
216,A_unavailable,250,linucb,simple,A,0.95,427.76989936828613,0.1,1,none,pre
217,A_unavailable,250,linucb,simple,A,0.95,538.848876953125,0.1,1,none,pre
218,A_unavailable,250,linucb,simple,A,0.95,460.6127738952637,0.1,1,none,pre
219,A_unavailable,250,linucb,hard,D,0.95,4747.014284133911,1.0,1,none,pre
220,A_unavailable,250,linucb,simple,A,0.95,746.2599277496338,0.1,1,none,pre
221,A_unavailable,250,linucb,hard,E,0.75,1357.3288917541504,0.35,1,none,pre
222,A_unavailable,250,linucb,hard,E,0.75,3722.2611904144287,1.35,1,none,pre
223,A_unavailable,250,linucb,simple,A,0.95,972.1548557281494,0.1,1,none,pre
224,A_unavailable,250,linucb,simple,A,0.95,463.1350040435791,0.1,1,none,pre
225,A_unavailable,250,linucb,hard,D,0.95,2620.8174228668213,1.0,1,none,pre
226,A_unavailable,250,linucb,hard,D,0.95,2929.5120239257812,1.0,1,none,pre
227,A_unavailable,250,linucb,simple,A,0.95,401.3714790344238,0.1,1,none,pre
228,A_unavailable,250,linucb,simple,A,0.95,1210.855484008789,0.1,1,none,pre
229,A_unavailable,250,linucb,hard,E,0.75,1222.6612567901611,0.35,1,none,pre
230,A_unavailable,250,linucb,simple,A,0.95,539.7059917449951,0.1,1,none,pre
231,A_unavailable,250,linucb,hard,E,0.75,1388.828992843628,0.35,1,none,pre
232,A_unavailable,250,linucb,simple,A,0.95,392.06695556640625,0.1,1,none,pre
233,A_unavailable,250,linucb,simple,A,0.95,489.7887706756592,0.1,1,none,pre
234,A_unavailable,250,linucb,simple,A,0.95,511.4009380340576,0.1,1,none,pre
235,A_unavailable,250,linucb,simple,A,0.95,453.932523727417,0.1,1,none,pre
236,A_unavailable,250,linucb,hard,D,0.95,1562.0417594909668,1.0,1,none,pre
237,A_unavailable,250,linucb,hard,E,0.75,584.068775177002,0.35,1,none,pre
238,A_unavailable,250,linucb,hard,D,0.95,2457.335948944092,1.0,1,none,pre
239,A_unavailable,250,linucb,hard,E,0.75,508.21423530578613,0.35,1,none,pre
240,A_unavailable,250,linucb,hard,E,0.75,3604.5374870300293,1.35,1,none,pre
241,A_unavailable,250,linucb,hard,E,0.75,4510.6306076049805,1.35,1,none,pre
242,A_unavailable,250,linucb,simple,A,0.95,491.46461486816406,0.1,1,none,pre
243,A_unavailable,250,linucb,hard,E,0.75,5147.22204208374,1.35,1,none,pre
244,A_unavailable,250,linucb,hard,D,0.95,1824.6304988861084,1.0,1,none,pre
245,A_unavailable,250,linucb,simple,A,0.95,483.58893394470215,0.1,1,none,pre
246,A_unavailable,250,linucb,hard,D,0.95,1710.8104228973389,1.0,1,none,pre
247,A_unavailable,250,linucb,hard,E,0.75,3701.061248779297,1.35,1,none,pre
248,A_unavailable,250,linucb,simple,A,0.95,384.3863010406494,0.1,1,none,pre
249,A_unavailable,250,linucb,simple,A,0.95,440.34266471862793,0.1,1,none,pre
250,A_unavailable,250,linucb,hard,E,0.75,4161.275386810303,1.35,1,none,post
251,A_unavailable,250,linucb,simple,I,0.95,4534.906959533691,0.275,1,none,post
252,A_unavailable,250,linucb,hard,D,0.95,1760.0798606872559,1.0,1,none,post
253,A_unavailable,250,linucb,simple,I,0.95,4664.898252487183,0.275,1,none,post
254,A_unavailable,250,linucb,hard,D,0.95,2179.715633392334,1.0,1,none,post
255,A_unavailable,250,linucb,hard,D,0.95,1612.0803356170654,1.0,1,none,post
256,A_unavailable,250,linucb,simple,I,0.95,4599.62854385376,0.275,1,none,post
257,A_unavailable,250,linucb,simple,I,0.95,5677.978134155273,0.275,1,none,post
258,A_unavailable,250,linucb,hard,E,0.75,642.8947448730469,0.35,1,none,post
259,A_unavailable,250,linucb,simple,I,0.95,5194.858646392822,0.275,1,none,post
260,A_unavailable,250,linucb,hard,D,0.95,2427.8345108032227,1.0,1,none,post
261,A_unavailable,250,linucb,hard,E,0.75,1671.5362071990967,0.35,1,none,post
262,A_unavailable,250,linucb,hard,E,0.75,555.7799339294434,0.35,1,none,post
263,A_unavailable,250,linucb,simple,I,0.95,5755.524492263794,0.275,1,none,post
264,A_unavailable,250,linucb,hard,D,0.95,2256.227731704712,1.0,1,none,post
265,A_unavailable,250,linucb,hard,E,0.75,1404.327154159546,0.35,1,none,post
266,A_unavailable,250,linucb,hard,E,0.75,3089.4367694854736,1.35,1,none,post
267,A_unavailable,250,linucb,hard,D,0.95,2157.224416732788,1.0,1,none,post
268,A_unavailable,250,linucb,hard,E,0.75,4051.149606704712,1.35,1,none,post
269,A_unavailable,250,linucb,hard,E,0.75,3473.583936691284,1.35,1,none,post
270,A_unavailable,250,linucb,simple,I,0.95,5201.706743240356,0.275,1,none,post
271,A_unavailable,250,linucb,simple,I,0.95,4764.588928222656,0.275,1,none,post
272,A_unavailable,250,linucb,hard,D,0.95,2279.9885272979736,1.0,1,none,post
273,A_unavailable,250,linucb,hard,E,0.75,3668.1511402130127,1.35,1,none,post
274,A_unavailable,250,linucb,simple,I,0.95,4785.1866245269775,0.275,1,none,post
275,A_unavailable,250,linucb,hard,D,0.95,1818.7901973724365,1.0,1,none,post
276,A_unavailable,250,linucb,simple,I,0.95,4796.990728378296,0.275,1,none,post
277,A_unavailable,250,linucb,simple,I,0.95,4553.6004066467285,0.275,1,none,post
278,A_unavailable,250,linucb,simple,I,0.95,4610.507345199585,0.275,1,none,post
279,A_unavailable,250,linucb,hard,E,0.75,2933.232307434082,1.35,1,none,post
280,A_unavailable,250,linucb,hard,D,0.95,2099.961280822754,1.0,1,none,post
281,A_unavailable,250,linucb,simple,I,0.95,4802.543020248413,0.275,1,none,post
282,A_unavailable,250,linucb,simple,I,0.95,4844.823455810547,0.275,1,none,post
283,A_unavailable,250,linucb,simple,I,0.95,5497.087812423706,0.275,1,none,post
284,A_unavailable,250,linucb,simple,I,0.95,4799.864387512207,0.275,1,none,post
285,A_unavailable,250,linucb,hard,E,0.75,1440.1040077209473,0.35,1,none,post
286,A_unavailable,250,linucb,hard,D,0.95,2127.760648727417,1.0,1,none,post
287,A_unavailable,250,linucb,simple,I,0.95,4749.641513824463,0.275,1,none,post
288,A_unavailable,250,linucb,hard,E,0.75,687.932014465332,0.35,1,none,post
289,A_unavailable,250,linucb,simple,I,0.95,4499.234294891357,0.275,1,none,post
290,A_unavailable,250,linucb,simple,I,0.95,4720.840311050415,0.275,1,none,post
291,A_unavailable,250,linucb,hard,D,0.95,2129.922389984131,1.0,1,none,post
292,A_unavailable,250,linucb,simple,I,0.95,5730.340337753296,0.275,1,none,post
293,A_unavailable,250,linucb,simple,I,0.95,4799.73087310791,0.275,1,none,post
294,A_unavailable,250,linucb,hard,E,0.75,1264.2102241516113,0.35,1,none,post
295,A_unavailable,250,linucb,simple,I,0.95,4735.869264602661,0.275,1,none,post
296,A_unavailable,250,linucb,hard,D,0.95,1953.5658359527588,1.0,1,none,post
297,A_unavailable,250,linucb,hard,E,0.75,1198.2991695404053,0.35,1,none,post
298,A_unavailable,250,linucb,hard,E,0.75,551.7678260803223,0.35,1,none,post
299,A_unavailable,250,linucb,simple,I,0.95,4590.049600601196,0.275,1,none,post
300,A_unavailable,250,linucb,hard,E,0.75,4324.835538864136,1.35,1,none,post
301,A_unavailable,250,linucb,simple,I,0.95,4706.324672698975,0.275,1,none,post
302,A_unavailable,250,linucb,hard,D,0.95,1682.1849346160889,1.0,1,none,post
303,A_unavailable,250,linucb,hard,E,0.75,5619.442701339722,1.35,1,none,post
304,A_unavailable,250,linucb,hard,D,0.95,1814.957857131958,1.0,1,none,post
305,A_unavailable,250,linucb,hard,D,0.95,2445.805549621582,1.0,1,none,post
306,A_unavailable,250,linucb,hard,E,0.75,521.6202735900879,0.35,1,none,post
307,A_unavailable,250,linucb,hard,E,0.75,481.3799858093262,0.35,1,none,post
308,A_unavailable,250,linucb,hard,E,0.75,4658.716201782227,1.35,1,none,post
309,A_unavailable,250,linucb,hard,D,0.95,2561.7854595184326,1.0,1,none,post
310,A_unavailable,250,linucb,hard,D,0.95,5403.813123703003,1.0,1,none,post
311,A_unavailable,250,linucb,simple,I,0.95,4654.7285079956055,0.275,1,none,post
312,A_unavailable,250,linucb,simple,I,0.95,4988.861179351807,0.275,1,none,post
313,A_unavailable,250,linucb,hard,E,0.75,1279.1407108306885,0.35,1,none,post
314,A_unavailable,250,linucb,simple,I,0.95,4377.01473236084,0.275,1,none,post
315,A_unavailable,250,linucb,hard,D,0.95,2699.805498123169,1.0,1,none,post
316,A_unavailable,250,linucb,hard,E,0.75,1517.0199871063232,0.35,1,none,post
317,A_unavailable,250,linucb,simple,I,0.95,4794.20862197876,0.275,1,none,post
318,A_unavailable,250,linucb,hard,E,0.75,6189.18776512146,0.35,1,none,post
319,A_unavailable,250,linucb,hard,D,0.95,1570.2564716339111,1.0,1,none,post
320,A_unavailable,250,linucb,hard,E,0.75,1579.756736755371,0.35,1,none,post
321,A_unavailable,250,linucb,hard,E,0.75,4194.530248641968,1.35,1,none,post
322,A_unavailable,250,linucb,simple,I,0.95,4535.873985290527,0.275,1,none,post
323,A_unavailable,250,linucb,hard,D,0.95,2467.128276824951,1.0,1,none,post
324,A_unavailable,250,linucb,hard,E,0.75,4288.076639175415,1.35,1,none,post
325,A_unavailable,250,linucb,hard,D,0.95,2409.802198410034,1.0,1,none,post
326,A_unavailable,250,linucb,hard,D,0.95,1644.0458297729492,1.0,1,none,post
327,A_unavailable,250,linucb,simple,I,0.95,4608.852005004883,0.275,1,none,post
328,A_unavailable,250,linucb,hard,E,0.75,1141.6139602661133,0.35,1,none,post
329,A_unavailable,250,linucb,simple,I,0.95,4786.889410018921,0.275,1,none,post
330,A_unavailable,250,linucb,hard,D,0.95,2286.7424488067627,1.0,1,none,post
331,A_unavailable,250,linucb,simple,I,0.95,4695.733642578125,0.275,1,none,post
332,A_unavailable,250,linucb,simple,I,0.95,4655.183410644531,0.275,1,none,post
333,A_unavailable,250,linucb,hard,E,0.75,1492.0520782470703,0.35,1,none,post
334,A_unavailable,250,linucb,simple,I,0.95,4730.603551864624,0.275,1,none,post
335,A_unavailable,250,linucb,hard,E,0.75,1530.8973789215088,0.35,1,none,post
336,A_unavailable,250,linucb,hard,E,0.75,4370.189666748047,1.35,1,none,post
337,A_unavailable,250,linucb,hard,E,0.75,4435.900449752808,1.35,1,none,post
338,A_unavailable,250,linucb,simple,I,0.95,4596.397256851196,0.275,1,none,post
339,A_unavailable,250,linucb,simple,I,0.95,4546.021795272827,0.275,1,none,post
340,A_unavailable,250,linucb,hard,E,0.75,7224.281311035156,1.35,1,none,post
341,A_unavailable,250,linucb,hard,D,0.95,1808.7775707244873,1.0,1,none,post
342,A_unavailable,250,linucb,hard,D,0.95,2287.820816040039,1.0,1,none,post
343,A_unavailable,250,linucb,simple,I,0.95,4592.513418197632,0.275,1,none,post
344,A_unavailable,250,linucb,hard,D,0.95,1880.5229663848877,1.0,1,none,post
345,A_unavailable,250,linucb,hard,E,0.75,686.2561702728271,0.35,1,none,post
346,A_unavailable,250,linucb,hard,D,0.95,1988.9938831329346,1.0,1,none,post
347,A_unavailable,250,linucb,hard,E,0.75,1182.9869747161865,0.35,1,none,post
348,A_unavailable,250,linucb,simple,I,0.95,4537.888383865356,0.275,1,none,post
349,A_unavailable,250,linucb,hard,D,0.95,1932.8420162200928,1.0,1,none,post
350,A_unavailable,250,linucb,hard,E,0.75,1321.739912033081,0.35,1,none,post
351,A_unavailable,250,linucb,hard,E,0.75,4011.6677284240723,1.35,1,none,post
352,A_unavailable,250,linucb,hard,D,0.95,2033.7562561035156,1.0,1,none,post
353,A_unavailable,250,linucb,simple,I,0.95,4576.348400115967,0.275,1,none,post
354,A_unavailable,250,linucb,simple,I,0.95,4609.8302364349365,0.275,1,none,post
355,A_unavailable,250,linucb,simple,I,0.95,4637.819147109985,0.275,1,none,post
356,A_unavailable,250,linucb,simple,I,0.95,4664.738988876343,0.275,1,none,post
357,A_unavailable,250,linucb,hard,E,0.75,1587.9137516021729,0.35,1,none,post
358,A_unavailable,250,linucb,hard,E,0.75,4438.67826461792,1.35,1,none,post
359,A_unavailable,250,linucb,hard,E,0.75,4434.2591762542725,1.35,1,none,post
360,A_unavailable,250,linucb,simple,I,0.95,4570.60227394104,0.275,1,none,post
361,A_unavailable,250,linucb,simple,I,0.95,4701.751089096069,0.275,1,none,post
362,A_unavailable,250,linucb,simple,I,0.95,4585.811710357666,0.275,1,none,post
363,A_unavailable,250,linucb,simple,I,0.95,4714.325284957886,0.275,1,none,post
364,A_unavailable,250,linucb,hard,D,0.95,2508.6636543273926,1.0,1,none,post
365,A_unavailable,250,linucb,hard,E,0.75,3989.7067546844482,1.35,1,none,post
366,A_unavailable,250,linucb,hard,D,0.95,2801.9192218780518,1.0,1,none,post
367,A_unavailable,250,linucb,hard,D,0.95,2580.2831649780273,1.0,1,none,post
368,A_unavailable,250,linucb,hard,E,0.75,617.257833480835,0.35,1,none,post
369,A_unavailable,250,linucb,hard,E,0.75,4865.474224090576,1.35,1,none,post
370,A_unavailable,250,linucb,hard,D,0.95,1679.7149181365967,1.0,1,none,post
371,A_unavailable,250,linucb,simple,I,0.95,4543.727493286133,0.275,1,none,post
372,A_unavailable,250,linucb,hard,E,0.75,3653.5613536834717,1.35,1,none,post
373,A_unavailable,250,linucb,simple,I,0.95,4453.8031578063965,0.275,1,none,post
374,A_unavailable,250,linucb,hard,D,0.95,1649.6250629425049,1.0,1,none,post
375,A_unavailable,250,linucb,simple,I,0.95,4684.291934967041,0.275,1,none,post
376,A_unavailable,250,linucb,hard,E,0.75,3532.219648361206,1.35,1,none,post
377,A_unavailable,250,linucb,simple,I,0.95,4606.510972976685,0.275,1,none,post
378,A_unavailable,250,linucb,simple,I,0.95,4767.894124984741,0.275,1,none,post
379,A_unavailable,250,linucb,hard,D,0.95,2079.7722339630127,1.0,1,none,post
380,A_unavailable,250,linucb,simple,I,0.95,4935.373163223267,0.275,1,none,post
381,A_unavailable,250,linucb,hard,E,0.75,1292.6807403564453,0.35,1,none,post
382,A_unavailable,250,linucb,simple,I,0.95,5054.177379608154,0.275,1,none,post
383,A_unavailable,250,linucb,simple,I,0.95,4786.932563781738,0.275,1,none,post
384,A_unavailable,250,linucb,hard,E,0.75,4755.553960800171,1.35,1,none,post
385,A_unavailable,250,linucb,hard,E,0.75,3999.208450317383,1.35,1,none,post
386,A_unavailable,250,linucb,hard,E,0.75,3632.7381134033203,1.35,1,none,post
387,A_unavailable,250,linucb,hard,D,0.95,1710.2899551391602,1.0,1,none,post
388,A_unavailable,250,linucb,simple,I,0.95,4610.345458984375,0.275,1,none,post
389,A_unavailable,250,linucb,simple,I,0.95,4734.812355041504,0.275,1,none,post
390,A_unavailable,250,linucb,simple,I,0.95,4624.532079696655,0.275,1,none,post
391,A_unavailable,250,linucb,hard,D,0.95,2339.651584625244,1.0,1,none,post
392,A_unavailable,250,linucb,hard,D,0.95,1655.7929515838623,1.0,1,none,post
393,A_unavailable,250,linucb,simple,I,0.95,4579.699373245239,0.275,1,none,post
394,A_unavailable,250,linucb,simple,I,0.95,4694.250679016113,0.275,1,none,post
395,A_unavailable,250,linucb,simple,I,0.95,4742.827033996582,0.275,1,none,post
396,A_unavailable,250,linucb,hard,E,0.75,594.7721004486084,0.35,1,none,post
397,A_unavailable,250,linucb,hard,D,0.95,1810.2383613586426,1.0,1,none,post
398,A_unavailable,250,linucb,hard,E,0.75,444.69404220581055,0.35,1,none,post
399,A_unavailable,250,linucb,hard,E,0.75,1307.7614307403564,0.35,1,none,post
400,A_unavailable,250,linucb,simple,I,0.95,6406.668758392334,0.275,1,none,post
401,A_unavailable,250,linucb,hard,E,0.75,3775.4433155059814,1.35,1,none,post
402,A_unavailable,250,linucb,hard,E,0.75,4378.717660903931,1.35,1,none,post
403,A_unavailable,250,linucb,hard,D,0.95,2028.446912765503,1.0,1,none,post
404,A_unavailable,250,linucb,hard,D,0.95,1875.643014907837,1.0,1,none,post
405,A_unavailable,250,linucb,simple,I,0.95,5096.911287307739,0.275,1,none,post
406,A_unavailable,250,linucb,simple,I,0.95,4556.984758377075,0.275,1,none,post
407,A_unavailable,250,linucb,hard,E,0.75,4412.0495319366455,1.35,1,none,post
408,A_unavailable,250,linucb,hard,E,0.75,4395.931959152222,1.35,1,none,post
409,A_unavailable,250,linucb,simple,I,0.95,4621.9409465789795,0.275,1,none,post
410,A_unavailable,250,linucb,simple,I,0.95,4749.696111679077,0.275,1,none,post
411,A_unavailable,250,linucb,simple,I,0.95,4639.484739303589,0.275,1,none,post
412,A_unavailable,250,linucb,hard,D,0.95,1766.3836479187012,1.0,1,none,post
413,A_unavailable,250,linucb,hard,E,0.75,3760.1630687713623,1.35,1,none,post
414,A_unavailable,250,linucb,hard,D,0.95,2067.6982402801514,1.0,1,none,post
415,A_unavailable,250,linucb,simple,I,0.95,4716.359233856201,0.275,1,none,post
416,A_unavailable,250,linucb,hard,E,0.75,3957.7369689941406,1.35,1,none,post
417,A_unavailable,250,linucb,simple,I,0.95,4763.922309875488,0.275,1,none,post
418,A_unavailable,250,linucb,simple,I,0.95,4941.181755065918,0.275,1,none,post
419,A_unavailable,250,linucb,simple,I,0.95,5520.349359512329,0.275,1,none,post
420,A_unavailable,250,linucb,hard,D,0.95,1773.406982421875,1.0,1,none,post
421,A_unavailable,250,linucb,hard,E,0.75,4259.501695632935,1.35,1,none,post
422,A_unavailable,250,linucb,simple,I,0.95,4606.94727897644,0.275,1,none,post
423,A_unavailable,250,linucb,simple,I,0.95,4483.631467819214,0.275,1,none,post
424,A_unavailable,250,linucb,hard,D,0.95,2147.3517417907715,1.0,1,none,post
425,A_unavailable,250,linucb,simple,I,0.95,4589.171504974365,0.275,1,none,post
426,A_unavailable,250,linucb,hard,E,0.75,524.3711471557617,0.35,1,none,post
427,A_unavailable,250,linucb,simple,I,0.95,4663.1103515625,0.275,1,none,post
428,A_unavailable,250,linucb,hard,D,0.95,2317.497730255127,1.0,1,none,post
429,A_unavailable,250,linucb,simple,I,0.95,4566.641902923584,0.275,1,none,post
430,A_unavailable,250,linucb,hard,E,0.75,1374.7596740722656,0.35,1,none,post
431,A_unavailable,250,linucb,hard,E,0.75,4328.007936477661,1.35,1,none,post
432,A_unavailable,250,linucb,simple,I,0.95,4935.887908935547,0.275,1,none,post
433,A_unavailable,250,linucb,simple,I,0.95,4552.599048614502,0.275,1,none,post
434,A_unavailable,250,linucb,simple,I,0.95,4687.676286697388,0.275,1,none,post
435,A_unavailable,250,linucb,hard,D,0.95,2496.1888790130615,1.0,1,none,post
436,A_unavailable,250,linucb,simple,I,0.95,5077.720260620117,0.275,1,none,post
437,A_unavailable,250,linucb,hard,E,0.75,515.4030323028564,0.35,1,none,post
438,A_unavailable,250,linucb,simple,I,0.95,4641.1553382873535,0.275,1,none,post
439,A_unavailable,250,linucb,hard,D,0.95,2082.5986862182617,1.0,1,none,post
440,A_unavailable,250,linucb,simple,I,0.95,4584.320640563965,0.275,1,none,post
441,A_unavailable,250,linucb,hard,E,0.75,1850.9368896484375,0.35,1,none,post
442,A_unavailable,250,linucb,simple,I,0.95,4562.620258331299,0.275,1,none,post
443,A_unavailable,250,linucb,hard,F,0.9,3988.95525932312,1.9500000000000002,0,empty,post
444,A_unavailable,250,linucb,hard,E,0.75,1494.131326675415,0.35,1,none,post
445,A_unavailable,250,linucb,simple,I,0.95,5177.910661697388,0.275,1,none,post
446,A_unavailable,250,linucb,simple,I,0.95,6058.246469497681,0.275,1,none,post
447,A_unavailable,250,linucb,hard,E,0.75,964.505672454834,0.35,1,none,post
448,A_unavailable,250,linucb,hard,E,0.75,4257.312297821045,1.35,1,none,post
449,A_unavailable,250,linucb,simple,I,0.95,4648.557758331299,0.275,1,none,post
450,A_unavailable,250,linucb,simple,I,0.95,4678.0534744262695,0.275,1,none,post
451,A_unavailable,250,linucb,simple,I,0.95,4677.785015106201,0.275,1,none,post
452,A_unavailable,250,linucb,simple,I,0.95,4696.456527709961,0.275,1,none,post
453,A_unavailable,250,linucb,hard,D,0.95,1651.2861251831055,1.0,1,none,post
454,A_unavailable,250,linucb,hard,E,0.75,4600.861310958862,1.35,1,none,post
455,A_unavailable,250,linucb,simple,I,0.95,4722.586727142334,0.275,1,none,post
456,A_unavailable,250,linucb,simple,I,0.95,4590.735054016113,0.275,1,none,post
457,A_unavailable,250,linucb,hard,D,0.95,2994.1399097442627,1.0,1,none,post
458,A_unavailable,250,linucb,hard,E,0.75,1199.2459297180176,0.35,1,none,post
459,A_unavailable,250,linucb,hard,E,0.75,3824.644088745117,1.35,1,none,post
460,A_unavailable,250,linucb,simple,I,0.95,4816.460704803467,0.275,1,none,post
461,A_unavailable,250,linucb,hard,D,0.95,3305.6650161743164,1.0,1,none,post
462,A_unavailable,250,linucb,simple,I,0.95,4570.641374588013,0.275,1,none,post
463,A_unavailable,250,linucb,simple,I,0.95,4719.081020355225,0.275,1,none,post
464,A_unavailable,250,linucb,simple,I,0.95,4814.818954467773,0.275,1,none,post
465,A_unavailable,250,linucb,hard,D,0.95,2629.9867630004883,1.0,1,none,post
466,A_unavailable,250,linucb,hard,E,0.75,1077.9120922088623,0.35,1,none,post
467,A_unavailable,250,linucb,simple,I,0.95,4675.317859649658,0.275,1,none,post
468,A_unavailable,250,linucb,simple,I,0.95,5480.847692489624,0.275,1,none,post
469,A_unavailable,250,linucb,simple,I,0.95,5168.193435668945,0.275,1,none,post
470,A_unavailable,250,linucb,simple,I,0.95,5204.466438293457,0.275,1,none,post
471,A_unavailable,250,linucb,simple,I,0.95,4956.509208679199,0.275,1,none,post
472,A_unavailable,250,linucb,simple,I,0.95,4667.378044128418,0.275,1,none,post
473,A_unavailable,250,linucb,hard,E,0.75,1449.721336364746,0.35,1,none,post
474,A_unavailable,250,linucb,simple,I,0.95,5400.084590911865,0.275,1,none,post
475,A_unavailable,250,linucb,simple,I,0.95,4569.547986984253,0.275,1,none,post
476,A_unavailable,250,linucb,hard,E,0.75,4435.675144195557,1.35,1,none,post
477,A_unavailable,250,linucb,simple,I,0.95,4636.2701416015625,0.275,1,none,post
478,A_unavailable,250,linucb,simple,I,0.95,4504.037237167358,0.275,1,none,post
479,A_unavailable,250,linucb,simple,I,0.95,4751.889085769653,0.275,1,none,post
480,A_unavailable,250,linucb,hard,E,0.75,3587.111234664917,1.35,1,none,post
481,A_unavailable,250,linucb,hard,D,0.95,2192.7695274353027,1.0,1,none,post
482,A_unavailable,250,linucb,hard,D,0.95,2249.253511428833,1.0,1,none,post
483,A_unavailable,250,linucb,hard,E,0.75,4032.4647426605225,1.35,1,none,post
484,A_unavailable,250,linucb,simple,I,0.95,4487.556552886963,0.275,1,none,post
485,A_unavailable,250,linucb,simple,I,0.95,4809.9573612213135,0.275,1,none,post
486,A_unavailable,250,linucb,hard,D,0.95,2349.36261177063,1.0,1,none,post
487,A_unavailable,250,linucb,simple,I,0.95,4700.414514541626,0.275,1,none,post
488,A_unavailable,250,linucb,simple,I,0.95,4567.756271362305,0.275,1,none,post
489,A_unavailable,250,linucb,hard,E,0.75,668.6320304870605,0.35,1,none,post
490,A_unavailable,250,linucb,hard,E,0.75,4125.802993774414,1.35,1,none,post
491,A_unavailable,250,linucb,hard,E,0.75,4691.866636276245,1.35,1,none,post
492,A_unavailable,250,linucb,simple,I,0.95,4610.632038116455,0.275,1,none,post
493,A_unavailable,250,linucb,hard,E,0.75,5373.007297515869,1.35,1,none,post
494,A_unavailable,250,linucb,hard,E,0.75,4032.9084396362305,1.35,1,none,post
495,A_unavailable,250,linucb,simple,I,0.95,4710.540151596069,0.275,1,none,post
496,A_unavailable,250,linucb,hard,E,0.75,3621.7634677886963,1.35,1,none,post
497,A_unavailable,250,linucb,simple,I,0.95,4745.164012908936,0.275,1,none,post
498,A_unavailable,250,linucb,simple,I,0.95,4696.679925918579,0.275,1,none,post
499,A_unavailable,250,linucb,simple,I,0.95,4759.246206283569,0.275,1,none,post
