t,policy,task_difficulty,chosen_agent,match_score,load,latency_ms,call_cost,success,fallback_used,total_cost_this_task,total_latency_this_task,reward_used_for_update
0,static_rule,hard,A,0.95,0.3,878.8778654732056,1.0,1,0,1.0,878.8778654732056,0.0
1,static_rule,hard,A,0.95,0.5640000000000001,1091.2823840098597,1.0,1,0,1.0,1091.2823840098597,0.0
2,static_rule,simple,B,0.95,0.3,302.24929129075906,0.1,1,0,0.1,302.24929129075906,0.0
3,static_rule,hard,A,0.95,0.7367616,1282.5564642676475,1.0,1,0,1.0,1282.5564642676475,0.0
4,static_rule,simple,B,0.95,0.53232,437.1338634414639,0.1,1,0,0.1,437.1338634414639,0.0
5,static_rule,hard,A,0.95,0.8705481830399999,1385.1319681872492,1.0,1,0,1.0,1385.1319681872492,0.0
6,static_rule,simple,B,0.95,0.712228608,555.5773082455893,0.1,1,0,0.1,555.5773082455893,0.0
7,static_rule,simple,B,0.95,0.92676117504,555.5480444632202,0.1,0,0,0.1,555.5480444632202,0.0
8,static_rule,simple,B,0.95,1.0,705.1735261675361,0.1,1,0,0.1,705.1735261675361,0.0
9,static_rule,hard,A,0.95,0.8220637060255187,1327.367326118006,1.0,1,0,1.0,1327.367326118006,0.0
10,static_rule,simple,B,0.95,1.0,673.4977064097295,0.1,1,0,0.1,673.4977064097295,0.0
11,static_rule,simple,B,0.95,1.0,743.5546985634608,0.1,1,0,0.1,743.5546985634608,0.0
12,static_rule,simple,B,0.95,1.0,777.8716229358675,0.1,1,0,0.1,777.8716229358675,0.0
13,static_rule,hard,A,0.95,0.7929877901279077,1464.1849227456687,1.0,1,0,1.0,1464.1849227456687,0.0
14,static_rule,simple,B,0.95,1.0,745.6690168459932,0.1,1,0,0.1,745.6690168459932,0.0
15,static_rule,hard,A,0.95,0.9140897446750518,1588.880392010868,1.0,1,0,1.0,1588.880392010868,0.0
16,static_rule,simple,B,0.95,1.0,674.0985478358105,0.1,1,0,0.1,674.0985478358105,0.0
17,static_rule,hard,A,0.95,1.0,1802.7477884512948,1.0,1,0,1.0,1802.7477884512948,0.0
18,static_rule,simple,B,0.95,1.0,651.8294538235795,0.1,1,0,0.1,651.8294538235795,0.0
19,static_rule,simple,B,0.95,1.0,787.1866893250199,0.1,1,0,0.1,787.1866893250199,0.0
20,static_rule,simple,B,0.95,1.0,735.469721927306,0.1,1,0,0.1,735.469721927306,0.0
21,static_rule,hard,A,0.95,0.8996953599999999,1582.9472728426292,1.0,1,0,1.0,1582.9472728426292,0.0
22,static_rule,hard,A,0.95,1.0,1688.5527680115233,1.0,1,0,1.0,1688.5527680115233,0.0
23,static_rule,simple,B,0.95,0.9814719999999999,536.0667334468548,0.1,1,0,0.1,536.0667334468548,0.0
24,static_rule,hard,A,0.95,1.0,1660.283626099029,1.0,1,0,1.0,1660.283626099029,0.0
25,static_rule,simple,B,0.95,1.0,621.0604779758416,0.1,1,0,0.1,621.0604779758416,0.0
26,static_rule,simple,B,0.95,1.0,683.3772145706057,0.1,0,0,0.1,683.3772145706057,0.0
27,static_rule,simple,B,0.95,1.0,734.3811640041326,0.1,0,0,0.1,734.3811640041326,0.0
28,static_rule,simple,B,0.95,1.0,771.9025117250617,0.1,1,0,0.1,771.9025117250617,0.0
29,static_rule,simple,B,0.95,1.0,644.1882023207388,0.1,1,0,0.1,644.1882023207388,0.0
30,static_rule,simple,B,0.95,1.0,699.026345758928,0.1,1,0,0.1,699.026345758928,0.0
31,static_rule,simple,B,0.95,1.0,710.8774834091035,0.1,0,0,0.1,710.8774834091035,0.0
32,static_rule,simple,B,0.95,1.0,710.2665818882105,0.1,1,0,0.1,710.2665818882105,0.0
33,static_rule,simple,B,0.95,1.0,765.7090720882793,0.1,1,0,0.1,765.7090720882793,0.0
34,static_rule,simple,B,0.95,1.0,697.266751233342,0.1,1,0,0.1,697.266751233342,0.0
35,static_rule,simple,B,0.95,1.0,728.286530047678,0.1,1,0,0.1,728.286530047678,0.0
36,static_rule,simple,B,0.95,1.0,612.6146741799901,0.1,1,0,0.1,612.6146741799901,0.0
37,static_rule,simple,B,0.95,1.0,630.5212017232677,0.1,1,0,0.1,630.5212017232677,0.0
38,static_rule,simple,B,0.95,1.0,831.2836579739708,0.1,1,0,0.1,831.2836579739708,0.0
39,static_rule,simple,B,0.95,1.0,823.7857193832107,0.1,1,0,0.1,823.7857193832107,0.0
40,static_rule,simple,B,0.95,1.0,646.0172996108241,0.1,1,0,0.1,646.0172996108241,0.0
41,static_rule,simple,B,0.95,1.0,672.7701970090209,0.1,0,0,0.1,672.7701970090209,0.0
42,static_rule,simple,B,0.95,1.0,708.9019924567074,0.1,1,0,0.1,708.9019924567074,0.0
43,static_rule,simple,B,0.95,1.0,688.8064322796599,0.1,1,0,0.1,688.8064322796599,0.0
44,static_rule,simple,B,0.95,1.0,698.8681910234764,0.1,1,0,0.1,698.8681910234764,0.0
45,static_rule,simple,B,0.95,1.0,752.1368001081734,0.1,1,0,0.1,752.1368001081734,0.0
46,static_rule,simple,B,0.95,1.0,736.7259286019902,0.1,1,0,0.1,736.7259286019902,0.0
47,static_rule,hard,A,0.95,0.3528568721062043,1111.6039540400477,1.0,1,0,1.0,1111.6039540400477,0.0
48,static_rule,simple,B,0.95,1.0,648.2861565654474,0.1,1,0,0.1,648.2861565654474,0.0
49,static_rule,hard,A,0.95,0.5732523617590446,1284.826782601975,1.0,1,0,1.0,1284.826782601975,0.0
50,static_rule,simple,B,0.95,1.0,759.2730573063641,0.1,1,0,0.1,759.2730573063641,0.0
51,static_rule,simple,B,0.95,1.0,707.6179627727727,0.1,1,0,0.1,707.6179627727727,0.0
52,static_rule,simple,B,0.95,1.0,687.5077306444723,0.1,1,0,0.1,687.5077306444723,0.0
53,static_rule,hard,A,0.95,0.6437767814559405,1366.9801323289928,1.0,1,0,1.0,1366.9801323289928,0.0
54,static_rule,simple,B,0.95,1.0,711.4920563198392,0.1,0,0,0.1,711.4920563198392,0.0
55,static_rule,simple,B,0.95,1.0,722.700325288009,0.1,1,0,0.1,722.700325288009,0.0
56,static_rule,hard,A,0.95,0.7387158508123427,1461.31822432878,1.0,1,0,1.0,1461.31822432878,0.0
57,static_rule,simple,B,0.95,1.0,622.855575727958,0.1,1,0,0.1,622.855575727958,0.0
58,static_rule,simple,B,0.95,1.0,710.7755292177648,0.1,1,0,0.1,710.7755292177648,0.0
59,static_rule,simple,B,0.95,1.0,809.8231300696948,0.1,1,0,0.1,809.8231300696948,0.0
60,static_rule,hard,A,0.95,0.7430044680906142,1358.2242507852686,1.0,1,0,1.0,1358.2242507852686,0.0
61,static_rule,hard,A,0.95,0.9538439319197405,1615.3965102367329,1.0,1,0,1.0,1615.3965102367329,0.0
62,static_rule,simple,B,0.95,0.9814719999999999,604.1586217208215,0.1,1,0,0.1,604.1586217208215,0.0
63,static_rule,hard,A,0.95,1.0,1697.6442576311895,1.0,1,0,1.0,1697.6442576311895,0.0
64,static_rule,simple,B,0.95,1.0,709.487743499243,0.1,1,0,0.1,709.487743499243,0.0
65,static_rule,simple,B,0.95,1.0,656.2876869003819,0.1,1,0,0.1,656.2876869003819,0.0
66,static_rule,simple,B,0.95,1.0,685.2645882556338,0.1,1,0,0.1,685.2645882556338,0.0
67,static_rule,simple,B,0.95,1.0,636.8947375123971,0.1,1,0,0.1,636.8947375123971,0.0
68,static_rule,simple,B,0.95,1.0,715.1461130742547,0.1,1,0,0.1,715.1461130742547,0.0
69,static_rule,simple,B,0.95,1.0,657.8634881925415,0.1,1,0,0.1,657.8634881925415,0.0
70,static_rule,simple,B,0.95,1.0,726.9204605451381,0.1,1,0,0.1,726.9204605451381,0.0
71,static_rule,simple,B,0.95,1.0,711.9930379521147,0.1,1,0,0.1,711.9930379521147,0.0
72,static_rule,simple,B,0.95,1.0,699.8452972548546,0.1,1,0,0.1,699.8452972548546,0.0
73,static_rule,simple,B,0.95,1.0,725.2957353076631,0.1,1,0,0.1,725.2957353076631,0.0
74,static_rule,simple,B,0.95,1.0,772.7785058605168,0.1,1,0,0.1,772.7785058605168,0.0
75,static_rule,hard,A,0.95,0.515671155821681,1129.1268797384037,1.0,1,0,1.0,1129.1268797384037,0.0
76,static_rule,simple,B,0.95,1.0,672.408178916796,0.1,1,0,0.1,672.408178916796,0.0
77,static_rule,simple,B,0.95,1.0,756.0968349716228,0.1,1,0,0.1,756.0968349716228,0.0
78,static_rule,simple,B,0.95,1.0,741.1198665513211,0.1,1,0,0.1,741.1198665513211,0.0
79,static_rule,hard,A,0.95,0.6092455994320991,1373.615800300553,1.0,0,0,1.0,1373.615800300553,0.0
80,static_rule,hard,A,0.95,0.8361361275002472,1752.610500922318,1.0,1,0,1.0,1752.610500922318,0.0
81,static_rule,hard,A,0.95,1.0,1915.4743661435946,1.0,1,0,1.0,1915.4743661435946,0.0
82,static_rule,simple,B,0.95,0.8996953599999999,638.9833040180454,0.1,1,0,0.1,638.9833040180454,0.0
83,static_rule,simple,B,0.95,1.0,665.00900528699,0.1,1,0,0.1,665.00900528699,0.0
84,static_rule,simple,B,0.95,1.0,688.7668241336194,0.1,1,0,0.1,688.7668241336194,0.0
85,static_rule,simple,B,0.95,1.0,686.6019021376842,0.1,1,0,0.1,686.6019021376842,0.0
86,static_rule,simple,B,0.95,1.0,748.2648658407583,0.1,1,0,0.1,748.2648658407583,0.0
87,static_rule,hard,A,0.95,0.764404086784,1437.479655447771,1.0,1,0,1.0,1437.479655447771,0.0
88,static_rule,hard,A,0.95,0.9726755963699198,1668.918535413455,1.0,1,0,1.0,1668.918535413455,0.0
89,static_rule,simple,B,0.95,0.9814719999999999,626.0580510569732,0.1,1,0,0.1,626.0580510569732,0.0
90,static_rule,hard,A,0.95,1.0,1852.7855084027944,1.0,1,0,1.0,1852.7855084027944,0.0
91,static_rule,simple,B,0.95,1.0,643.9616367077806,0.1,1,0,0.1,643.9616367077806,0.0
92,static_rule,hard,A,0.95,1.0,1732.880006699607,1.0,1,0,1.0,1732.880006699607,0.0
93,static_rule,simple,B,0.95,1.0,716.8662859094393,0.1,1,0,0.1,716.8662859094393,0.0
94,static_rule,hard,A,0.95,1.0,1643.3675958865097,1.0,1,0,1.0,1643.3675958865097,0.0
95,static_rule,simple,B,0.95,1.0,677.8197605438513,0.1,1,0,0.1,677.8197605438513,0.0
96,static_rule,simple,B,0.95,1.0,751.9950623960533,0.1,1,0,0.1,751.9950623960533,0.0
97,static_rule,simple,B,0.95,1.0,717.4067839558908,0.1,1,0,0.1,717.4067839558908,0.0
98,static_rule,simple,B,0.95,1.0,779.8632376002511,0.1,1,0,0.1,779.8632376002511,0.0
99,static_rule,simple,B,0.95,1.0,780.950364397363,0.1,1,0,0.1,780.950364397363,0.0
100,static_rule,simple,B,0.95,1.0,623.0826599769563,0.1,1,0,0.1,623.0826599769563,0.0
101,static_rule,simple,B,0.95,1.0,733.8634745197825,0.1,1,0,0.1,733.8634745197825,0.0
102,static_rule,simple,B,0.95,1.0,750.181578102615,0.1,1,0,0.1,750.181578102615,0.0
103,static_rule,simple,B,0.95,1.0,731.906996968916,0.1,1,0,0.1,731.906996968916,0.0
104,static_rule,simple,B,0.95,1.0,654.3464582430774,0.1,1,0,0.1,654.3464582430774,0.0
105,static_rule,simple,B,0.95,1.0,630.1929486577272,0.1,1,0,0.1,630.1929486577272,0.0
106,static_rule,simple,B,0.95,1.0,644.6636750027045,0.1,1,0,0.1,644.6636750027045,0.0
107,static_rule,simple,B,0.95,1.0,771.8518733319935,0.1,0,0,0.1,771.8518733319935,0.0
108,static_rule,simple,B,0.95,1.0,761.2919566009107,0.1,0,0,0.1,761.2919566009107,0.0
109,static_rule,simple,B,0.95,1.0,750.763354987228,0.1,1,0,0.1,750.763354987228,0.0
110,static_rule,simple,B,0.95,1.0,803.9024720749615,0.1,0,0,0.1,803.9024720749615,0.0
111,static_rule,hard,A,0.95,0.4138165524602472,1013.9037593994692,1.0,1,0,1.0,1013.9037593994692,0.0
112,static_rule,simple,B,0.95,1.0,696.729136925747,0.1,1,0,0.1,696.729136925747,0.0
113,static_rule,hard,A,0.95,0.6204595382252154,1351.502231029017,1.0,0,0,1.0,1351.502231029017,0.0
114,static_rule,simple,B,0.95,1.0,629.6450593330737,0.1,1,0,0.1,629.6450593330737,0.0
115,static_rule,simple,B,0.95,1.0,698.0176946414148,0.1,1,0,0.1,698.0176946414148,0.0
116,static_rule,hard,A,0.95,0.722825802433414,1363.8004165878015,1.0,1,0,1.0,1363.8004165878015,0.0
117,static_rule,simple,B,0.95,1.0,622.1512211130922,0.1,1,0,0.1,622.1512211130922,0.0
118,static_rule,simple,B,0.95,1.0,714.0629139094892,0.1,1,0,0.1,714.0629139094892,0.0
119,static_rule,simple,B,0.95,1.0,756.8068408989996,0.1,1,0,0.1,756.8068408989996,0.0
120,static_rule,simple,B,0.95,1.0,798.5304464935633,0.1,1,0,0.1,798.5304464935633,0.0
121,static_rule,hard,A,0.95,0.6814582462306836,1425.28757011063,1.0,1,0,1.0,1425.28757011063,0.0
122,static_rule,simple,B,0.95,1.0,675.3113423641136,0.1,1,0,0.1,675.3113423641136,0.0
123,static_rule,simple,B,0.95,1.0,625.8631653178659,0.1,1,0,0.1,625.8631653178659,0.0
124,static_rule,simple,B,0.95,1.0,739.148438920833,0.1,1,0,0.1,739.148438920833,0.0
125,static_rule,simple,B,0.95,1.0,753.4272373355479,0.1,1,0,0.1,753.4272373355479,0.0
126,static_rule,simple,B,0.95,1.0,727.790484486163,0.1,1,0,0.1,727.790484486163,0.0
127,static_rule,hard,A,0.95,0.6164719945221868,1189.0122191577564,1.0,1,0,1.0,1189.0122191577564,0.0
128,static_rule,hard,A,0.95,0.8424953551795245,1504.7688727907346,1.0,1,0,1.0,1504.7688727907346,0.0
129,static_rule,simple,B,0.95,0.9814719999999999,536.028563769045,0.1,1,0,0.1,536.028563769045,0.0
130,static_rule,simple,B,0.95,1.0,818.5535838163541,0.1,1,0,0.1,818.5535838163541,0.0
131,static_rule,simple,B,0.95,1.0,670.2637183682479,0.1,1,0,0.1,670.2637183682479,0.0
132,static_rule,simple,B,0.95,1.0,764.8320053753088,0.1,1,0,0.1,764.8320053753088,0.0
133,static_rule,simple,B,0.95,1.0,741.5275187478695,0.1,0,0,0.1,741.5275187478695,0.0
134,static_rule,simple,B,0.95,1.0,830.7589576637297,0.1,1,0,0.1,830.7589576637297,0.0
135,static_rule,simple,B,0.95,1.0,744.8861952902947,0.1,1,0,0.1,744.8861952902947,0.0
136,static_rule,simple,B,0.95,1.0,721.4247603440305,0.1,1,0,0.1,721.4247603440305,0.0
137,static_rule,hard,A,0.95,0.5666315667055517,1100.7503155770207,1.0,1,0,1.0,1100.7503155770207,0.0
138,static_rule,simple,B,0.95,1.0,661.5504153905254,0.1,0,0,0.1,661.5504153905254,0.0
139,static_rule,simple,B,0.95,1.0,633.1050373585392,0.1,1,0,0.1,633.1050373585392,0.0
140,static_rule,simple,B,0.95,1.0,721.9247029969131,0.1,1,0,0.1,721.9247029969131,0.0
141,static_rule,hard,A,0.95,0.6398063213828499,1168.2994555070752,1.0,1,0,1.0,1168.2994555070752,0.0
142,static_rule,simple,B,0.95,1.0,709.0789821006134,0.1,1,0,0.1,709.0789821006134,0.0
143,static_rule,simple,B,0.95,1.0,769.6679431260817,0.1,1,0,0.1,769.6679431260817,0.0
144,static_rule,simple,B,0.95,1.0,713.8631095984936,0.1,0,0,0.1,713.8631095984936,0.0
145,static_rule,simple,B,0.95,1.0,641.6917442336729,0.1,0,0,0.1,641.6917442336729,0.0
146,static_rule,simple,B,0.95,1.0,863.9472761165567,0.1,1,0,0.1,863.9472761165567,0.0
147,static_rule,simple,B,0.95,1.0,695.451333314958,0.1,1,0,0.1,695.451333314958,0.0
148,static_rule,simple,B,0.95,1.0,787.7977294653173,0.1,1,0,0.1,787.7977294653173,0.0
149,static_rule,simple,B,0.95,1.0,724.0200923845244,0.1,1,0,0.1,724.0200923845244,0.0
150,static_rule,simple,B,0.95,1.0,762.5462019283167,0.1,1,0,0.1,762.5462019283167,0.0
151,static_rule,simple,B,0.95,1.0,630.5424263949255,0.1,1,0,0.1,630.5424263949255,0.0
152,static_rule,simple,B,0.95,1.0,750.8995372812238,0.1,1,0,0.1,750.8995372812238,0.0
153,static_rule,hard,A,0.95,0.43798776883465707,1106.411347034858,1.0,1,0,1.0,1106.411347034858,0.0
154,static_rule,hard,A,0.95,0.6854292365744983,1226.0129314144383,1.0,0,0,1.0,1226.0129314144383,0.0
155,static_rule,hard,A,0.95,0.9031777281855584,1426.11981240383,1.0,1,0,1.0,1426.11981240383,0.0
156,static_rule,simple,B,0.95,0.8996953599999999,651.7790389851581,0.1,1,0,0.1,651.7790389851581,0.0
157,static_rule,simple,B,0.95,1.0,662.1106531904144,0.1,0,0,0.1,662.1106531904144,0.0
158,static_rule,hard,A,0.95,0.9154903327820689,1386.8440381093446,1.0,1,0,1.0,1386.8440381093446,0.0
159,static_rule,simple,B,0.95,1.0,670.1631147758815,0.1,1,0,0.1,670.1631147758815,0.0
160,static_rule,hard,A,0.95,1.0,1577.532155528798,1.0,1,0,1.0,1577.532155528798,0.0
161,static_rule,simple,B,0.95,1.0,587.224753759833,0.1,1,0,0.1,587.224753759833,0.0
162,static_rule,simple,B,0.95,1.0,638.4505978985516,0.1,1,0,0.1,638.4505978985516,0.0
163,static_rule,simple,B,0.95,1.0,698.4034029941615,0.1,1,0,0.1,698.4034029941615,0.0
164,static_rule,simple,B,0.95,1.0,625.2582301881496,0.1,1,0,0.1,625.2582301881496,0.0
165,static_rule,simple,B,0.95,1.0,690.0526714913857,0.1,1,0,0.1,690.0526714913857,0.0
166,static_rule,simple,B,0.95,1.0,822.9943266722511,0.1,1,0,0.1,822.9943266722511,0.0
167,static_rule,simple,B,0.95,1.0,653.4765108159379,0.1,1,0,0.1,653.4765108159379,0.0
168,static_rule,simple,B,0.95,1.0,552.8185920514812,0.1,1,0,0.1,552.8185920514812,0.0
169,static_rule,simple,B,0.95,1.0,649.3837536424489,0.1,1,0,0.1,649.3837536424489,0.0
170,static_rule,simple,B,0.95,1.0,698.5558039059707,0.1,0,0,0.1,698.5558039059707,0.0
171,static_rule,simple,B,0.95,1.0,749.3890286714742,0.1,1,0,0.1,749.3890286714742,0.0
172,static_rule,simple,B,0.95,1.0,808.8455632196341,0.1,1,0,0.1,808.8455632196341,0.0
173,static_rule,simple,B,0.95,1.0,684.8318171011263,0.1,1,0,0.1,684.8318171011263,0.0
174,static_rule,simple,B,0.95,1.0,763.8199505935662,0.1,0,0,0.1,763.8199505935662,0.0
175,static_rule,simple,B,0.95,1.0,806.9049506471581,0.1,1,0,0.1,806.9049506471581,0.0
176,static_rule,simple,B,0.95,1.0,722.2362380483006,0.1,0,0,0.1,722.2362380483006,0.0
177,static_rule,simple,B,0.95,1.0,728.0316852344025,0.1,0,0,0.1,728.0316852344025,0.0
178,static_rule,hard,A,0.95,0.40015856616501755,1103.461789742001,1.0,1,0,1.0,1103.461789742001,0.0
179,static_rule,simple,B,0.95,1.0,718.4117533635786,0.1,1,0,0.1,718.4117533635786,0.0
180,static_rule,simple,B,0.95,1.0,691.9688529092869,0.1,1,0,0.1,691.9688529092869,0.0
181,static_rule,simple,B,0.95,1.0,702.9668836607915,0.1,1,0,0.1,702.9668836607915,0.0
182,static_rule,simple,B,0.95,1.0,648.8929456355957,0.1,1,0,0.1,648.8929456355957,0.0
183,static_rule,simple,B,0.95,1.0,815.2037415674164,0.1,1,0,0.1,815.2037415674164,0.0
184,static_rule,simple,B,0.95,1.0,715.1028822001518,0.1,1,0,0.1,715.1028822001518,0.0
185,static_rule,hard,A,0.95,0.4635350406700206,1033.7924738288948,1.0,1,0,1.0,1033.7924738288948,0.0
186,static_rule,hard,A,0.95,0.7079108357896181,1466.076731541958,1.0,1,0,1.0,1466.076731541958,0.0
187,static_rule,simple,B,0.95,0.9814719999999999,605.2456317753065,0.1,1,0,0.1,605.2456317753065,0.0
188,static_rule,simple,B,0.95,1.0,691.4327787321471,0.1,0,0,0.1,691.4327787321471,0.0
189,static_rule,simple,B,0.95,1.0,722.8598860631271,0.1,1,0,0.1,722.8598860631271,0.0
190,static_rule,simple,B,0.95,1.0,818.8259716274947,0.1,1,0,0.1,818.8259716274947,0.0
191,static_rule,simple,B,0.95,1.0,687.0217833213785,0.1,0,0,0.1,687.0217833213785,0.0
192,static_rule,simple,B,0.95,1.0,711.3948576788819,0.1,1,0,0.1,711.3948576788819,0.0
193,static_rule,simple,B,0.95,1.0,747.620397611837,0.1,0,0,0.1,747.620397611837,0.0
194,static_rule,simple,B,0.95,1.0,662.2632778362815,0.1,1,0,0.1,662.2632778362815,0.0
195,static_rule,simple,B,0.95,1.0,657.6354686161892,0.1,1,0,0.1,657.6354686161892,0.0
196,static_rule,hard,A,0.95,0.49715385869504025,894.5640295711914,1.0,1,0,1.0,894.5640295711914,0.0
197,static_rule,simple,B,0.95,1.0,669.2521298637115,0.1,0,0,0.1,669.2521298637115,0.0
198,static_rule,hard,A,0.95,0.6849959481734391,1409.6487568121465,1.0,1,0,1.0,1409.6487568121465,0.0
199,static_rule,simple,B,0.95,1.0,703.2334901957356,0.1,1,0,0.1,703.2334901957356,0.0
200,static_rule,simple,B,0.95,1.0,790.894786202341,0.1,1,0,0.1,790.894786202341,0.0
201,static_rule,simple,B,0.95,1.0,727.8175448996045,0.1,0,0,0.1,727.8175448996045,0.0
202,static_rule,hard,A,0.95,0.710788891738412,1129.6540977754835,1.0,1,0,1.0,1129.6540977754835,0.0
203,static_rule,simple,B,0.95,1.0,746.8375479011578,0.1,1,0,0.1,746.8375479011578,0.0
204,static_rule,simple,B,0.95,1.0,656.4969286389203,0.1,1,0,0.1,656.4969286389203,0.0
205,static_rule,simple,B,0.95,1.0,645.2380213040702,0.1,1,0,0.1,645.2380213040702,0.0
206,static_rule,hard,A,0.95,0.726256800315068,1255.013148389678,1.0,1,0,1.0,1255.013148389678,0.0
207,static_rule,simple,B,0.95,1.0,819.9708669155436,0.1,1,0,0.1,819.9708669155436,0.0
208,static_rule,simple,B,0.95,1.0,748.6122797014408,0.1,0,0,0.1,748.6122797014408,0.0
209,static_rule,simple,B,0.95,1.0,690.8577538303967,0.1,1,0,0.1,690.8577538303967,0.0
210,static_rule,simple,B,0.95,1.0,689.0020314577088,0.1,1,0,0.1,689.0020314577088,0.0
211,static_rule,hard,A,0.95,0.6832688933193056,1339.189508867978,1.0,1,0,1.0,1339.189508867978,0.0
212,static_rule,simple,B,0.95,1.0,700.0710063999098,0.1,1,0,0.1,700.0710063999098,0.0
213,static_rule,hard,A,0.95,0.8291234309864703,1547.8589354176058,1.0,1,0,1.0,1547.8589354176058,0.0
214,static_rule,simple,B,0.95,1.0,649.2594863008361,0.1,1,0,0.1,649.2594863008361,0.0
215,static_rule,simple,B,0.95,1.0,638.408384949007,0.1,0,0,0.1,638.408384949007,0.0
216,static_rule,simple,B,0.95,1.0,733.1207284447288,0.1,1,0,0.1,733.1207284447288,0.0
217,static_rule,simple,B,0.95,1.0,805.1171830276191,0.1,1,0,0.1,805.1171830276191,0.0
218,static_rule,simple,B,0.95,1.0,722.544869688469,0.1,1,0,0.1,722.544869688469,0.0
219,static_rule,simple,B,0.95,1.0,739.99779208517,0.1,0,0,0.1,739.99779208517,0.0
220,static_rule,simple,B,0.95,1.0,672.9531725883933,0.1,1,0,0.1,672.9531725883933,0.0
221,static_rule,simple,B,0.95,1.0,630.0193431936412,0.1,1,0,0.1,630.0193431936412,0.0
222,static_rule,simple,B,0.95,1.0,809.0374673979894,0.1,1,0,0.1,809.0374673979894,0.0
223,static_rule,simple,B,0.95,1.0,721.6162227084889,0.1,1,0,0.1,721.6162227084889,0.0
224,static_rule,simple,B,0.95,1.0,657.963577830575,0.1,1,0,0.1,657.963577830575,0.0
225,static_rule,simple,B,0.95,1.0,752.5670440291391,0.1,1,0,0.1,752.5670440291391,0.0
226,static_rule,simple,B,0.95,1.0,680.2854561205158,0.1,1,0,0.1,680.2854561205158,0.0
227,static_rule,hard,A,0.95,0.43847666592155177,1157.5527898223563,1.0,1,0,1.0,1157.5527898223563,0.0
228,static_rule,hard,A,0.95,0.6858594660109656,1367.0625804515291,1.0,1,0,1.0,1367.0625804515291,0.0
229,static_rule,simple,B,0.95,0.9814719999999999,663.8903005362753,0.1,0,0,0.1,663.8903005362753,0.0
230,static_rule,simple,B,0.95,1.0,749.2065665585893,0.1,1,0,0.1,749.2065665585893,0.0
231,static_rule,simple,B,0.95,1.0,738.8341764517264,0.1,1,0,0.1,738.8341764517264,0.0
232,static_rule,hard,A,0.95,0.7113067393788538,1278.9107111208955,1.0,1,0,1.0,1278.9107111208955,0.0
233,static_rule,simple,B,0.95,1.0,754.0076949468772,0.1,0,0,0.1,754.0076949468772,0.0
234,static_rule,hard,A,0.95,0.8508359389749844,1594.3041327154801,1.0,1,0,1.0,1594.3041327154801,0.0
235,static_rule,simple,B,0.95,1.0,643.7354524315075,0.1,1,0,0.1,643.7354524315075,0.0
236,static_rule,simple,B,0.95,1.0,724.321034856965,0.1,1,0,0.1,724.321034856965,0.0
237,static_rule,simple,B,0.95,1.0,630.4352809384809,0.1,1,0,0.1,630.4352809384809,0.0
238,static_rule,simple,B,0.95,1.0,682.7786933602288,0.1,1,0,0.1,682.7786933602288,0.0
239,static_rule,simple,B,0.95,1.0,769.094594302219,0.1,1,0,0.1,769.094594302219,0.0
240,static_rule,simple,B,0.95,1.0,666.2212785870112,0.1,0,0,0.1,666.2212785870112,0.0
241,static_rule,simple,B,0.95,1.0,792.9642838828614,0.1,1,0,0.1,792.9642838828614,0.0
242,static_rule,simple,B,0.95,1.0,644.2649048180523,0.1,1,0,0.1,644.2649048180523,0.0
243,static_rule,simple,B,0.95,1.0,624.5105749748984,0.1,1,0,0.1,624.5105749748984,0.0
244,static_rule,simple,B,0.95,1.0,742.2119040936283,0.1,1,0,0.1,742.2119040936283,0.0
245,static_rule,simple,B,0.95,1.0,728.1889757900439,0.1,1,0,0.1,728.1889757900439,0.0
246,static_rule,simple,B,0.95,1.0,809.5147922533704,0.1,1,0,0.1,809.5147922533704,0.0
247,static_rule,simple,B,0.95,1.0,670.0716734291316,0.1,1,0,0.1,670.0716734291316,0.0
248,static_rule,simple,B,0.95,1.0,753.5015788940298,0.1,1,0,0.1,753.5015788940298,0.0
249,static_rule,hard,A,0.95,0.4250506369878745,1065.9423455594736,1.0,1,0,1.0,1065.9423455594736,0.0
250,static_rule,simple,B,0.95,1.0,653.7619728666377,0.1,1,0,0.1,653.7619728666377,0.0
251,static_rule,hard,A,0.95,0.6291592132834101,1128.7490314349889,1.0,1,0,1.0,1128.7490314349889,0.0
252,static_rule,simple,B,0.95,1.0,683.9278964339142,0.1,1,0,0.1,683.9278964339142,0.0
253,static_rule,simple,B,0.95,1.0,756.0320104012372,0.1,0,0,0.1,756.0320104012372,0.0
254,static_rule,simple,B,0.95,1.0,696.3677027550033,0.1,1,0,0.1,696.3677027550033,0.0
255,static_rule,simple,B,0.95,1.0,733.8442310152967,0.1,1,0,0.1,733.8442310152967,0.0
256,static_rule,hard,A,0.95,0.6320273975984341,1452.1543681448586,1.0,0,0,1.0,1452.1543681448586,0.0
257,static_rule,hard,A,0.95,0.8561841098866221,1515.7279286134958,1.0,1,0,1.0,1515.7279286134958,0.0
258,static_rule,simple,B,0.95,0.9814719999999999,676.4156148757882,0.1,1,0,0.1,676.4156148757882,0.0
259,static_rule,simple,B,0.95,1.0,745.1451570993371,0.1,1,0,0.1,745.1451570993371,0.0
260,static_rule,simple,B,0.95,1.0,647.7810045889171,0.1,1,0,0.1,647.7810045889171,0.0
261,static_rule,simple,B,0.95,1.0,684.6181474214242,0.1,1,0,0.1,684.6181474214242,0.0
262,static_rule,simple,B,0.95,1.0,718.0342782442565,0.1,1,0,0.1,718.0342782442565,0.0
263,static_rule,simple,B,0.95,1.0,728.1933620519405,0.1,0,0,0.1,728.1933620519405,0.0
264,static_rule,simple,B,0.95,1.0,681.375243366403,0.1,1,0,0.1,681.375243366403,0.0
265,static_rule,simple,B,0.95,1.0,647.4196354078308,0.1,1,0,0.1,647.4196354078308,0.0
266,static_rule,hard,A,0.95,0.5709637616445062,1269.0441533387077,1.0,1,0,1.0,1269.0441533387077,0.0
267,static_rule,simple,B,0.95,1.0,709.1388457661839,0.1,1,0,0.1,709.1388457661839,0.0
268,static_rule,simple,B,0.95,1.0,613.9005150291283,0.1,1,0,0.1,613.9005150291283,0.0
269,static_rule,simple,B,0.95,1.0,770.7691839368049,0.1,1,0,0.1,770.7691839368049,0.0
270,static_rule,hard,A,0.95,0.6424043185863564,1120.959781597477,1.0,1,0,1.0,1120.959781597477,0.0
271,static_rule,simple,B,0.95,1.0,647.3277190174927,0.1,1,0,0.1,647.3277190174927,0.0
272,static_rule,hard,A,0.95,0.7974779043132744,1546.7644640381252,1.0,1,0,1.0,1546.7644640381252,0.0
273,static_rule,simple,B,0.95,1.0,614.5531834919946,0.1,1,0,0.1,614.5531834919946,0.0
274,static_rule,simple,B,0.95,1.0,737.3367828599588,0.1,1,0,0.1,737.3367828599588,0.0
275,static_rule,simple,B,0.95,1.0,821.607493949041,0.1,1,0,0.1,821.607493949041,0.0
276,static_rule,hard,A,0.95,0.7782437989191946,1330.9014839456795,1.0,1,0,1.0,1330.9014839456795,0.0
277,static_rule,simple,B,0.95,1.0,615.9787168522826,0.1,1,0,0.1,615.9787168522826,0.0
278,static_rule,simple,B,0.95,1.0,633.6399176153978,0.1,1,0,0.1,633.6399176153978,0.0
279,static_rule,simple,B,0.95,1.0,783.0677725659687,0.1,1,0,0.1,783.0677725659687,0.0
280,static_rule,simple,B,0.95,1.0,656.5848203260218,0.1,1,0,0.1,656.5848203260218,0.0
281,static_rule,simple,B,0.95,1.0,701.8610377671873,0.1,1,0,0.1,701.8610377671873,0.0
282,static_rule,hard,A,0.95,0.6614196007323795,1316.8069370074088,1.0,1,0,1.0,1316.8069370074088,0.0
283,static_rule,simple,B,0.95,1.0,701.0815288929253,0.1,0,0,0.1,701.0815288929253,0.0
284,static_rule,simple,B,0.95,1.0,662.45385514245,0.1,1,0,0.1,662.45385514245,0.0
285,static_rule,hard,A,0.95,0.750738938150296,1429.479101427339,1.0,1,0,1.0,1429.479101427339,0.0
286,static_rule,simple,B,0.95,1.0,571.87888149325,0.1,1,0,0.1,571.87888149325,0.0
287,static_rule,hard,A,0.95,0.8813722337035892,1525.478132025897,1.0,1,0,1.0,1525.478132025897,0.0
288,static_rule,simple,B,0.95,1.0,695.7691359671613,0.1,1,0,0.1,695.7691359671613,0.0
289,static_rule,hard,A,0.95,0.9825346577800593,1732.8800152248414,1.0,1,0,1.0,1732.8800152248414,0.0
290,static_rule,simple,B,0.95,1.0,669.4850444551674,0.1,0,0,0.1,669.4850444551674,0.0
291,static_rule,simple,B,0.95,1.0,751.8213871151507,0.1,1,0,0.1,751.8213871151507,0.0
292,static_rule,hard,A,0.95,0.9695698583066925,1847.1871655804828,1.0,1,0,1.0,1847.1871655804828,0.0
293,static_rule,simple,B,0.95,1.0,675.2319176493229,0.1,0,0,0.1,675.2319176493229,0.0
294,static_rule,simple,B,0.95,1.0,650.8883525616342,0.1,1,0,0.1,650.8883525616342,0.0
295,static_rule,simple,B,0.95,1.0,823.8053644717573,0.1,0,0,0.1,823.8053644717573,0.0
296,static_rule,simple,B,0.95,1.0,606.1682555722759,0.1,1,0,0.1,606.1682555722759,0.0
297,static_rule,simple,B,0.95,1.0,831.5321828830148,0.1,1,0,0.1,831.5321828830148,0.0
298,static_rule,hard,A,0.95,0.7502722046202118,1504.9914917251024,1.0,1,0,1.0,1504.9914917251024,0.0
299,static_rule,hard,A,0.95,0.9602395400657864,1767.8207950324572,1.0,1,0,1.0,1767.8207950324572,0.0
300,static_rule,simple,B,0.95,0.9814719999999999,690.3102468716796,0.1,1,0,0.1,690.3102468716796,0.0
301,static_rule,simple,B,0.95,1.0,705.6029038658436,0.1,1,0,0.1,705.6029038658436,0.0
302,static_rule,simple,B,0.95,1.0,747.2463347865394,0.1,1,0,0.1,747.2463347865394,0.0
303,static_rule,hard,A,0.95,0.8758511966659861,1647.4074484556613,1.0,1,0,1.0,1647.4074484556613,0.0
304,static_rule,simple,B,0.95,1.0,685.6493905520598,0.1,1,0,0.1,685.6493905520598,0.0
305,static_rule,hard,A,0.95,0.9782591666981397,1630.198199522613,1.0,1,0,1.0,1630.198199522613,0.0
306,static_rule,simple,B,0.95,1.0,805.6020835960749,0.1,1,0,0.1,805.6020835960749,0.0
307,static_rule,simple,B,0.95,1.0,688.4912245070462,0.1,1,0,0.1,688.4912245070462,0.0
308,static_rule,simple,B,0.95,1.0,803.9866559562507,0.1,1,0,0.1,803.9866559562507,0.0
309,static_rule,simple,B,0.95,1.0,775.284553575761,0.1,1,0,0.1,775.284553575761,0.0
310,static_rule,simple,B,0.95,1.0,631.9169316510274,0.1,1,0,0.1,631.9169316510274,0.0
311,static_rule,simple,B,0.95,1.0,781.7800667622188,0.1,1,0,0.1,781.7800667622188,0.0
312,static_rule,simple,B,0.95,1.0,662.487021384555,0.1,1,0,0.1,662.487021384555,0.0
313,static_rule,simple,B,0.95,1.0,822.8596123277484,0.1,1,0,0.1,822.8596123277484,0.0
314,static_rule,hard,A,0.95,0.6095978780858822,1301.9043216719053,1.0,1,0,1.0,1301.9043216719053,0.0
315,static_rule,hard,A,0.95,0.8364461327155763,1687.2529085918104,1.0,1,0,1.0,1687.2529085918104,0.0
316,static_rule,simple,B,0.95,0.9814719999999999,698.2044276292414,0.1,1,0,0.1,698.2044276292414,0.0
317,static_rule,simple,B,0.95,1.0,778.7054922724925,0.1,1,0,0.1,778.7054922724925,0.0
318,static_rule,hard,A,0.95,0.8700146189539493,1462.5048917517533,1.0,1,0,1.0,1462.5048917517533,0.0
319,static_rule,simple,B,0.95,1.0,676.7644376403382,0.1,0,0,0.1,676.7644376403382,0.0
320,static_rule,simple,B,0.95,1.0,691.8257191097282,0.1,1,0,0.1,691.8257191097282,0.0
321,static_rule,simple,B,0.95,1.0,708.3358432461926,0.1,1,0,0.1,708.3358432461926,0.0
322,static_rule,hard,A,0.95,0.8217437301188515,1545.7414402978684,1.0,1,0,1.0,1545.7414402978684,0.0
323,static_rule,simple,B,0.95,1.0,637.194435726495,0.1,1,0,0.1,637.194435726495,0.0
324,static_rule,simple,B,0.95,1.0,760.2580350416191,0.1,1,0,0.1,760.2580350416191,0.0
325,static_rule,simple,B,0.95,1.0,645.426938770935,0.1,1,0,0.1,645.426938770935,0.0
326,static_rule,simple,B,0.95,1.0,733.958827469472,0.1,1,0,0.1,733.958827469472,0.0
327,static_rule,hard,A,0.95,0.7336603938140034,1431.4627706292856,1.0,1,0,1.0,1431.4627706292856,0.0
328,static_rule,simple,B,0.95,1.0,612.4702851989208,0.1,0,0,0.1,612.4702851989208,0.0
329,static_rule,simple,B,0.95,1.0,740.0835616658691,0.1,1,0,0.1,740.0835616658691,0.0
330,static_rule,simple,B,0.95,1.0,684.5598953458623,0.1,1,0,0.1,684.5598953458623,0.0
331,static_rule,simple,B,0.95,1.0,718.4635251445039,0.1,1,0,0.1,718.4635251445039,0.0
332,static_rule,hard,A,0.95,0.6871760059077069,1337.9573455782925,1.0,1,0,1.0,1337.9573455782925,0.0
333,static_rule,simple,B,0.95,1.0,703.5811895750089,0.1,1,0,0.1,703.5811895750089,0.0
334,static_rule,simple,B,0.95,1.0,677.4469260140282,0.1,1,0,0.1,677.4469260140282,0.0
335,static_rule,hard,A,0.95,0.7682912070979369,1274.1998067322074,1.0,1,0,1.0,1274.1998067322074,0.0
336,static_rule,hard,A,0.95,0.9760962622461844,1667.939687531111,1.0,0,0,1.0,1667.939687531111,0.0
337,static_rule,simple,B,0.95,0.9814719999999999,633.2009763550722,0.1,1,0,0.1,633.2009763550722,0.0
338,static_rule,simple,B,0.95,1.0,702.8869914586837,0.1,1,0,0.1,702.8869914586837,0.0
339,static_rule,hard,A,0.95,0.9651822720254317,1854.3478189499897,1.0,1,0,1.0,1854.3478189499897,0.0
340,static_rule,simple,B,0.95,1.0,610.3330223154081,0.1,1,0,0.1,610.3330223154081,0.0
341,static_rule,hard,A,0.95,1.0,1598.1315397528242,1.0,1,0,1.0,1598.1315397528242,0.0
342,static_rule,hard,A,0.95,1.0,1910.5918525693014,1.0,1,0,1.0,1910.5918525693014,0.0
343,static_rule,hard,A,0.95,1.0,1865.6398636688982,1.0,1,0,1.0,1865.6398636688982,0.0
344,static_rule,simple,B,0.95,0.8996953599999999,592.6449922595842,0.1,1,0,0.1,592.6449922595842,0.0
345,static_rule,simple,B,0.95,1.0,667.2249745420081,0.1,1,0,0.1,667.2249745420081,0.0
346,static_rule,simple,B,0.95,1.0,693.7735032795421,0.1,1,0,0.1,693.7735032795421,0.0
347,static_rule,hard,A,0.95,0.8996953599999999,1398.7772458799304,1.0,1,0,1.0,1398.7772458799304,0.0
348,static_rule,hard,A,0.95,1.0,1619.0228460458297,1.0,1,0,1.0,1619.0228460458297,0.0
349,static_rule,simple,B,0.95,0.9814719999999999,629.5294750709025,0.1,0,0,0.1,629.5294750709025,0.0
350,static_rule,hard,A,0.95,1.0,1837.316601080057,1.0,1,0,1.0,1837.316601080057,0.0
351,static_rule,simple,B,0.95,1.0,658.715895123494,0.1,1,0,0.1,658.715895123494,0.0
352,static_rule,simple,B,0.95,1.0,739.1031834079876,0.1,1,0,0.1,739.1031834079876,0.0
353,static_rule,simple,B,0.95,1.0,712.0518485897404,0.1,1,0,0.1,712.0518485897404,0.0
354,static_rule,simple,B,0.95,1.0,751.4397186235564,0.1,0,0,0.1,751.4397186235564,0.0
355,static_rule,simple,B,0.95,1.0,762.1959547684538,0.1,1,0,0.1,762.1959547684538,0.0
356,static_rule,simple,B,0.95,1.0,810.1098733794997,0.1,1,0,0.1,810.1098733794997,0.0
357,static_rule,simple,B,0.95,1.0,736.8366017904473,0.1,1,0,0.1,736.8366017904473,0.0
358,static_rule,simple,B,0.95,1.0,691.9871881346143,0.1,0,0,0.1,691.9871881346143,0.0
359,static_rule,hard,A,0.95,0.6164783818288659,1279.3145812430764,1.0,1,0,1.0,1279.3145812430764,0.0
360,static_rule,hard,A,0.95,0.842500976009402,1770.3650592597585,1.0,1,0,1.0,1770.3650592597585,0.0
361,static_rule,simple,B,0.95,0.9814719999999999,577.4684268700585,0.1,1,0,0.1,577.4684268700585,0.0
362,static_rule,simple,B,0.95,1.0,706.0810011876856,0.1,1,0,0.1,706.0810011876856,0.0
363,static_rule,simple,B,0.95,1.0,703.5034869017652,0.1,1,0,0.1,703.5034869017652,0.0
364,static_rule,simple,B,0.95,1.0,845.6457323951772,0.1,1,0,0.1,845.6457323951772,0.0
365,static_rule,hard,A,0.95,0.7446146549753125,1427.6428328770314,1.0,1,0,1.0,1427.6428328770314,0.0
366,static_rule,hard,A,0.95,0.9552608963782749,1687.370940585276,1.0,1,0,1.0,1687.370940585276,0.0
367,static_rule,simple,B,0.95,0.9814719999999999,559.0723571240691,0.1,1,0,0.1,559.0723571240691,0.0
368,static_rule,simple,B,0.95,1.0,562.5082471222504,0.1,1,0,0.1,562.5082471222504,0.0
369,static_rule,hard,A,0.95,0.9509835535766957,1500.0806184007865,1.0,1,0,1.0,1500.0806184007865,0.0
370,static_rule,simple,B,0.95,1.0,585.3059187036718,0.1,0,0,0.1,585.3059187036718,0.0
371,static_rule,simple,B,0.95,1.0,750.1384736430275,0.1,1,0,0.1,750.1384736430275,0.0
372,static_rule,simple,B,0.95,1.0,769.5052963930683,0.1,1,0,0.1,769.5052963930683,0.0
373,static_rule,simple,B,0.95,1.0,771.511878520178,0.1,1,0,0.1,771.511878520178,0.0
374,static_rule,simple,B,0.95,1.0,699.7206317056119,0.1,0,0,0.1,699.7206317056119,0.0
375,static_rule,simple,B,0.95,1.0,748.0935753633947,0.1,1,0,0.1,748.0935753633947,0.0
376,static_rule,simple,B,0.95,1.0,724.8226965513421,0.1,1,0,0.1,724.8226965513421,0.0
377,static_rule,simple,B,0.95,1.0,706.8729447922493,0.1,1,0,0.1,706.8729447922493,0.0
378,static_rule,simple,B,0.95,1.0,784.4329849126858,0.1,1,0,0.1,784.4329849126858,0.0
379,static_rule,simple,B,0.95,1.0,753.9367652777463,0.1,1,0,0.1,753.9367652777463,0.0
380,static_rule,simple,B,0.95,1.0,667.1393309141994,0.1,0,0,0.1,667.1393309141994,0.0
381,static_rule,simple,B,0.95,1.0,749.0226521535292,0.1,1,0,0.1,749.0226521535292,0.0
382,static_rule,simple,B,0.95,1.0,714.6633650490975,0.1,1,0,0.1,714.6633650490975,0.0
383,static_rule,simple,B,0.95,1.0,670.0330783337183,0.1,0,0,0.1,670.0330783337183,0.0
384,static_rule,simple,B,0.95,1.0,773.9170502323869,0.1,0,0,0.1,773.9170502323869,0.0
385,static_rule,simple,B,0.95,1.0,612.6669889326503,0.1,1,0,0.1,612.6669889326503,0.0
386,static_rule,hard,A,0.95,0.4082376695144943,1064.6921238083503,1.0,1,0,1.0,1064.6921238083503,0.0
387,static_rule,simple,B,0.95,1.0,682.7551750445465,0.1,1,0,0.1,682.7551750445465,0.0
388,static_rule,simple,B,0.95,1.0,700.6912734438108,0.1,1,0,0.1,700.6912734438108,0.0
389,static_rule,simple,B,0.95,1.0,727.3136232976217,0.1,1,0,0.1,727.3136232976217,0.0
390,static_rule,hard,A,0.95,0.5448182361850556,1029.039299183941,1.0,1,0,1.0,1029.039299183941,0.0
391,static_rule,simple,B,0.95,1.0,778.0842623013148,0.1,1,0,0.1,778.0842623013148,0.0
392,static_rule,simple,B,0.95,1.0,736.6557567041739,0.1,1,0,0.1,736.6557567041739,0.0
393,static_rule,simple,B,0.95,1.0,730.82555066415,0.1,1,0,0.1,730.82555066415,0.0
394,static_rule,hard,A,0.95,0.626724968283562,1166.7418981294315,1.0,1,0,1.0,1166.7418981294315,0.0
395,static_rule,simple,B,0.95,1.0,653.6553142617157,0.1,1,0,0.1,653.6553142617157,0.0
396,static_rule,simple,B,0.95,1.0,760.832572101455,0.1,1,0,0.1,760.832572101455,0.0
397,static_rule,hard,A,0.95,0.7270955175861356,1384.0738876277157,1.0,1,0,1.0,1384.0738876277157,0.0
398,static_rule,simple,B,0.95,1.0,732.2257826703756,0.1,1,0,0.1,732.2257826703756,0.0
399,static_rule,hard,A,0.95,0.8630627688187034,1468.0797773780714,1.0,1,0,1.0,1468.0797773780714,0.0
400,static_rule,simple,B,0.95,1.0,648.8462908822995,0.1,1,0,0.1,648.8462908822995,0.0
401,static_rule,simple,B,0.95,1.0,704.9059065150803,0.1,1,0,0.1,704.9059065150803,0.0
402,static_rule,simple,B,0.95,1.0,658.1450802667109,0.1,1,0,0.1,658.1450802667109,0.0
403,static_rule,simple,B,0.95,1.0,738.8236319731482,0.1,1,0,0.1,738.8236319731482,0.0
404,static_rule,simple,B,0.95,1.0,689.9203141363266,0.1,1,0,0.1,689.9203141363266,0.0
405,static_rule,simple,B,0.95,1.0,719.2564884386005,0.1,1,0,0.1,719.2564884386005,0.0
406,static_rule,hard,A,0.95,0.6527126917516579,1240.6393846534659,1.0,1,0,1.0,1240.6393846534659,0.0
407,static_rule,hard,A,0.95,0.874387168741459,1544.288491642949,1.0,1,0,1.0,1544.288491642949,0.0
408,static_rule,simple,B,0.95,0.9814719999999999,614.5484730429979,0.1,1,0,0.1,614.5484730429979,0.0
409,static_rule,simple,B,0.95,1.0,776.8706262622244,0.1,1,0,0.1,776.8706262622244,0.0
410,static_rule,simple,B,0.95,1.0,771.3066759205473,0.1,0,0,0.1,771.3066759205473,0.0
411,static_rule,simple,B,0.95,1.0,677.068667716273,0.1,1,0,0.1,677.068667716273,0.0
412,static_rule,simple,B,0.95,1.0,704.6363487834242,0.1,0,0,0.1,704.6363487834242,0.0
413,static_rule,simple,B,0.95,1.0,705.5026279886553,0.1,1,0,0.1,705.5026279886553,0.0
414,static_rule,hard,A,0.95,0.6573406976436216,1174.0921079815969,1.0,1,0,1.0,1174.0921079815969,0.0
415,static_rule,simple,B,0.95,1.0,716.7347197702641,0.1,1,0,0.1,716.7347197702641,0.0
416,static_rule,simple,B,0.95,1.0,736.4843267337174,0.1,1,0,0.1,736.4843267337174,0.0
417,static_rule,simple,B,0.95,1.0,681.7927775643295,0.1,1,0,0.1,681.7927775643295,0.0
418,static_rule,simple,B,0.95,1.0,712.7483618360106,0.1,0,0,0.1,712.7483618360106,0.0
419,static_rule,hard,A,0.95,0.6468996663581177,1275.4886704678747,1.0,1,0,1.0,1275.4886704678747,0.0
420,static_rule,hard,A,0.95,0.8692717063951436,1707.6763808030432,1.0,1,0,1.0,1707.6763808030432,0.0
421,static_rule,simple,B,0.95,0.9814719999999999,589.4491054966664,0.1,1,0,0.1,589.4491054966664,0.0
422,static_rule,hard,A,0.95,0.9731640094323992,1484.1735492057699,1.0,1,0,1.0,1484.1735492057699,0.0
423,static_rule,simple,B,0.95,1.0,711.9905901400539,0.1,1,0,0.1,711.9905901400539,0.0
424,static_rule,simple,B,0.95,1.0,772.630951876569,0.1,1,0,0.1,772.630951876569,0.0
425,static_rule,simple,B,0.95,1.0,712.1620786206216,0.1,1,0,0.1,712.1620786206216,0.0
426,static_rule,simple,B,0.95,1.0,712.5027165017179,0.1,1,0,0.1,712.5027165017179,0.0
427,static_rule,hard,A,0.95,0.8135697080585333,1480.910486055414,1.0,1,0,1.0,1480.910486055414,0.0
428,static_rule,simple,B,0.95,1.0,616.8394771794897,0.1,1,0,0.1,616.8394771794897,0.0
429,static_rule,simple,B,0.95,1.0,579.8047477783521,0.1,0,0,0.1,579.8047477783521,0.0
430,static_rule,simple,B,0.95,1.0,663.7523046400624,0.1,1,0,0.1,663.7523046400624,0.0
431,static_rule,simple,B,0.95,1.0,557.2934660803858,0.1,1,0,0.1,557.2934660803858,0.0
432,static_rule,simple,B,0.95,1.0,679.0956060064319,0.1,1,0,0.1,679.0956060064319,0.0
433,static_rule,simple,B,0.95,1.0,643.8233118663064,0.1,1,0,0.1,643.8233118663064,0.0
434,static_rule,simple,B,0.95,1.0,879.3812926448171,0.1,1,0,0.1,879.3812926448171,0.0
435,static_rule,simple,B,0.95,1.0,743.8325161095045,0.1,1,0,0.1,743.8325161095045,0.0
436,static_rule,simple,B,0.95,1.0,665.871747221406,0.1,1,0,0.1,665.871747221406,0.0
437,static_rule,hard,A,0.95,0.5265799577459858,989.975204608466,1.0,1,0,1.0,989.975204608466,0.0
438,static_rule,hard,A,0.95,0.7633903628164674,1312.3743353014333,1.0,1,0,1.0,1312.3743353014333,0.0
439,static_rule,hard,A,0.95,0.9717835192784914,1654.747610723162,1.0,1,0,1.0,1654.747610723162,0.0
440,static_rule,simple,B,0.95,0.8996953599999999,501.65279746913706,0.1,1,0,0.1,501.65279746913706,0.0
441,static_rule,simple,B,0.95,1.0,821.1520233427907,0.1,1,0,0.1,821.1520233427907,0.0
442,static_rule,simple,B,0.95,1.0,687.1266643893372,0.1,1,0,0.1,687.1266643893372,0.0
443,static_rule,simple,B,0.95,1.0,766.8987365255076,0.1,1,0,0.1,766.8987365255076,0.0
444,static_rule,simple,B,0.95,1.0,697.3573799156432,0.1,0,0,0.1,697.3573799156432,0.0
445,static_rule,simple,B,0.95,1.0,621.762398101801,0.1,1,0,0.1,621.762398101801,0.0
446,static_rule,simple,B,0.95,1.0,749.9216718113878,0.1,1,0,0.1,749.9216718113878,0.0
447,static_rule,hard,A,0.95,0.6494869041695654,1231.3495440850832,1.0,0,0,1.0,1231.3495440850832,0.0
448,static_rule,hard,A,0.95,0.8715484756692176,1404.1465117188498,1.0,1,0,1.0,1404.1465117188498,0.0
449,static_rule,simple,B,0.95,0.9814719999999999,682.1249264029527,0.1,1,0,0.1,682.1249264029527,0.0
450,static_rule,simple,B,0.95,1.0,702.9384394371954,0.1,1,0,0.1,702.9384394371954,0.0
451,static_rule,simple,B,0.95,1.0,729.1819710652128,0.1,1,0,0.1,729.1819710652128,0.0
452,static_rule,hard,A,0.95,0.8226635768739026,1424.3007887701424,1.0,1,0,1.0,1424.3007887701424,0.0
453,static_rule,simple,B,0.95,1.0,645.0031453173489,0.1,1,0,0.1,645.0031453173489,0.0
454,static_rule,hard,A,0.95,0.9370706739311501,1440.664458584777,1.0,1,0,1.0,1440.664458584777,0.0
455,static_rule,simple,B,0.95,1.0,778.0388493849093,0.1,1,0,0.1,778.0388493849093,0.0
456,static_rule,hard,A,0.95,1.0,1577.7227299291749,1.0,1,0,1.0,1577.7227299291749,0.0
457,static_rule,simple,B,0.95,1.0,720.8622145514951,0.1,1,0,0.1,720.8622145514951,0.0
458,static_rule,simple,B,0.95,1.0,780.6299774829879,0.1,1,0,0.1,780.6299774829879,0.0
459,static_rule,hard,A,0.95,0.9814719999999999,1762.772824085378,1.0,1,0,1.0,1762.772824085378,0.0
460,static_rule,hard,A,0.95,1.0,1997.134102484003,1.0,1,0,1.0,1997.134102484003,0.0
461,static_rule,simple,B,0.95,0.9814719999999999,652.9799370921634,0.1,1,0,0.1,652.9799370921634,0.0
462,static_rule,simple,B,0.95,1.0,732.9933059853979,0.1,1,0,0.1,732.9933059853979,0.0
463,static_rule,simple,B,0.95,1.0,679.4612288168645,0.1,0,0,0.1,679.4612288168645,0.0
464,static_rule,simple,B,0.95,1.0,586.2540855252934,0.1,1,0,0.1,586.2540855252934,0.0
465,static_rule,simple,B,0.95,1.0,671.8858474874118,0.1,1,0,0.1,671.8858474874118,0.0
466,static_rule,hard,A,0.95,0.764404086784,1335.6626779836345,1.0,1,0,1.0,1335.6626779836345,0.0
467,static_rule,simple,B,0.95,1.0,680.0137528783124,0.1,1,0,0.1,680.0137528783124,0.0
468,static_rule,simple,B,0.95,1.0,725.186061263316,0.1,0,0,0.1,725.186061263316,0.0
469,static_rule,simple,B,0.95,1.0,702.9759580954812,0.1,1,0,0.1,702.9759580954812,0.0
470,static_rule,simple,B,0.95,1.0,779.6338823625981,0.1,1,0,0.1,779.6338823625981,0.0
471,static_rule,hard,A,0.95,0.7034004339282738,1283.2880920394875,1.0,1,0,1.0,1283.2880920394875,0.0
472,static_rule,hard,A,0.95,0.9189923818568808,1714.3924344492923,1.0,0,0,1.0,1714.3924344492923,0.0
473,static_rule,simple,B,0.95,0.9814719999999999,639.656630202499,0.1,1,0,0.1,639.656630202499,0.0
474,static_rule,simple,B,0.95,1.0,633.8796932304173,0.1,1,0,0.1,633.8796932304173,0.0
475,static_rule,simple,B,0.95,1.0,775.8154417731112,0.1,1,0,0.1,775.8154417731112,0.0
476,static_rule,simple,B,0.95,1.0,771.2279602823465,0.1,0,0,0.1,771.2279602823465,0.0
477,static_rule,simple,B,0.95,1.0,767.5128514442257,0.1,1,0,0.1,767.5128514442257,0.0
478,static_rule,simple,B,0.95,1.0,745.4091586504519,0.1,0,0,0.1,745.4091586504519,0.0
479,static_rule,simple,B,0.95,1.0,736.5297041975879,0.1,1,0,0.1,736.5297041975879,0.0
480,static_rule,hard,A,0.95,0.6305013885490012,1043.4536796789646,1.0,1,0,1.0,1043.4536796789646,0.0
481,static_rule,simple,B,0.95,1.0,694.457435069878,0.1,1,0,0.1,694.457435069878,0.0
482,static_rule,simple,B,0.95,1.0,686.5331598667026,0.1,1,0,0.1,686.5331598667026,0.0
483,static_rule,simple,B,0.95,1.0,665.0927987120369,0.1,0,0,0.1,665.0927987120369,0.0
484,static_rule,hard,A,0.95,0.6781087571863931,1299.942756955363,1.0,1,0,1.0,1299.942756955363,0.0
485,static_rule,simple,B,0.95,1.0,608.7413591839468,0.1,1,0,0.1,608.7413591839468,0.0
486,static_rule,hard,A,0.95,0.8251274215651427,1404.888754661584,1.0,1,0,1.0,1404.888754661584,0.0
487,static_rule,simple,B,0.95,1.0,696.1428934655936,0.1,1,0,0.1,696.1428934655936,0.0
488,static_rule,simple,B,0.95,1.0,780.176803240425,0.1,1,0,0.1,780.176803240425,0.0
489,static_rule,simple,B,0.95,1.0,745.2142234573025,0.1,1,0,0.1,745.2142234573025,0.0
490,static_rule,simple,B,0.95,1.0,804.7544381658577,0.1,1,0,0.1,804.7544381658577,0.0
491,static_rule,simple,B,0.95,1.0,628.3968133123494,0.1,1,0,0.1,628.3968133123494,0.0
492,static_rule,simple,B,0.95,1.0,743.8719058782481,0.1,0,0,0.1,743.8719058782481,0.0
493,static_rule,simple,B,0.95,1.0,627.9541364648184,0.1,1,0,0.1,627.9541364648184,0.0
494,static_rule,hard,A,0.95,0.5967443081585921,1163.8029565323889,1.0,1,0,1.0,1163.8029565323889,0.0
495,static_rule,hard,A,0.95,0.8251349911795611,1503.4097099915587,1.0,1,0,1.0,1503.4097099915587,0.0
496,static_rule,simple,B,0.95,0.9814719999999999,665.808841677436,0.1,1,0,0.1,665.808841677436,0.0
497,static_rule,simple,B,0.95,1.0,723.7631257566679,0.1,1,0,0.1,723.7631257566679,0.0
498,static_rule,hard,A,0.95,0.8623063927091179,1597.454429313663,1.0,1,0,1.0,1597.454429313663,0.0
499,static_rule,simple,B,0.95,1.0,648.5350897134663,0.1,0,0,0.1,648.5350897134663,0.0
500,static_rule,hard,A,0.95,0.9677700705139409,1311.4030564426012,1.0,1,0,1.0,1311.4030564426012,0.0
501,static_rule,simple,B,0.95,1.0,641.4768113091694,0.1,1,0,0.1,641.4768113091694,0.0
502,static_rule,hard,A,0.95,1.0,1909.8658119710828,1.0,1,0,1.0,1909.8658119710828,0.0
503,static_rule,simple,B,0.95,1.0,692.1527189892868,0.1,1,0,0.1,692.1527189892868,0.0
504,static_rule,simple,B,0.95,1.0,836.9099504441093,0.1,1,0,0.1,836.9099504441093,0.0
505,static_rule,simple,B,0.95,1.0,688.1336008417518,0.1,1,0,0.1,688.1336008417518,0.0
506,static_rule,simple,B,0.95,1.0,767.5782801023959,0.1,1,0,0.1,767.5782801023959,0.0
507,static_rule,simple,B,0.95,1.0,612.1774753184814,0.1,1,0,0.1,612.1774753184814,0.0
508,static_rule,simple,B,0.95,1.0,635.7185896640569,0.1,1,0,0.1,635.7185896640569,0.0
509,static_rule,hard,A,0.95,0.70867559636992,1407.0869578037325,1.0,1,0,1.0,1407.0869578037325,0.0
510,static_rule,simple,B,0.95,1.0,664.4292213496759,0.1,0,0,0.1,664.4292213496759,0.0
511,static_rule,simple,B,0.95,1.0,781.6040884226718,0.1,1,0,0.1,781.6040884226718,0.0
512,static_rule,simple,B,0.95,1.0,744.1976393634297,0.1,1,0,0.1,744.1976393634297,0.0
513,static_rule,hard,A,0.95,0.7249894668882739,1409.498927048867,1.0,1,0,1.0,1409.498927048867,0.0
514,static_rule,hard,A,0.95,0.937990730861681,1600.0483727935157,1.0,1,0,1.0,1600.0483727935157,0.0
515,static_rule,hard,A,0.95,1.0,1603.1722577424841,1.0,1,0,1.0,1603.1722577424841,0.0
516,static_rule,simple,B,0.95,0.8996953599999999,574.7414688598917,0.1,1,0,0.1,574.7414688598917,0.0
517,static_rule,hard,A,0.95,1.0,1637.0065694715772,1.0,1,0,1.0,1637.0065694715772,0.0
518,static_rule,simple,B,0.95,0.9967240867839999,729.5486169241925,0.1,0,0,0.1,729.5486169241925,0.0
519,static_rule,simple,B,0.95,1.0,625.6716287972499,0.1,1,0,0.1,625.6716287972499,0.0
520,static_rule,simple,B,0.95,1.0,678.7191598752852,0.1,0,0,0.1,678.7191598752852,0.0
521,static_rule,simple,B,0.95,1.0,815.7728839424536,0.1,0,0,0.1,815.7728839424536,0.0
522,static_rule,simple,B,0.95,1.0,660.9691394847807,0.1,0,0,0.1,660.9691394847807,0.0
523,static_rule,simple,B,0.95,1.0,691.3192640946822,0.1,1,0,0.1,691.3192640946822,0.0
524,static_rule,hard,A,0.95,0.70867559636992,1285.1487031201502,1.0,1,0,1.0,1285.1487031201502,0.0
525,static_rule,simple,B,0.95,1.0,637.0151288412605,0.1,1,0,0.1,637.0151288412605,0.0
526,static_rule,simple,B,0.95,1.0,760.6657864700935,0.1,1,0,0.1,760.6657864700935,0.0
527,static_rule,simple,B,0.95,1.0,628.1677874256509,0.1,1,0,0.1,628.1677874256509,0.0
528,static_rule,simple,B,0.95,1.0,808.8872368782664,0.1,1,0,0.1,808.8872368782664,0.0
529,static_rule,simple,B,0.95,1.0,803.2586915720434,0.1,1,0,0.1,803.2586915720434,0.0
530,static_rule,simple,B,0.95,1.0,697.5481333609171,0.1,1,0,0.1,697.5481333609171,0.0
531,static_rule,simple,B,0.95,1.0,716.2984660096148,0.1,1,0,0.1,716.2984660096148,0.0
532,static_rule,hard,A,0.95,0.5548642113417714,1330.4670270977335,1.0,1,0,1.0,1330.4670270977335,0.0
533,static_rule,simple,B,0.95,1.0,736.1355217402343,0.1,1,0,0.1,736.1355217402343,0.0
534,static_rule,simple,B,0.95,1.0,781.0523434844612,0.1,1,0,0.1,781.0523434844612,0.0
535,static_rule,simple,B,0.95,1.0,735.9775159988279,0.1,1,0,0.1,735.9775159988279,0.0
536,static_rule,simple,B,0.95,1.0,790.056182102993,0.1,1,0,0.1,790.056182102993,0.0
537,static_rule,simple,B,0.95,1.0,760.3766846460904,0.1,1,0,0.1,760.3766846460904,0.0
538,static_rule,simple,B,0.95,1.0,797.7628882725535,0.1,1,0,0.1,797.7628882725535,0.0
539,static_rule,simple,B,0.95,1.0,660.5570731237243,0.1,1,0,0.1,660.5570731237243,0.0
540,static_rule,simple,B,0.95,1.0,703.6925913886143,0.1,1,0,0.1,703.6925913886143,0.0
541,static_rule,simple,B,0.95,1.0,722.1356422083752,0.1,1,0,0.1,722.1356422083752,0.0
542,static_rule,simple,B,0.95,1.0,783.084220167752,0.1,1,0,0.1,783.084220167752,0.0
543,static_rule,simple,B,0.95,1.0,652.3137084827889,0.1,1,0,0.1,652.3137084827889,0.0
544,static_rule,simple,B,0.95,1.0,664.7833139734305,0.1,1,0,0.1,664.7833139734305,0.0
545,static_rule,simple,B,0.95,1.0,735.5237743155262,0.1,1,0,0.1,735.5237743155262,0.0
546,static_rule,simple,B,0.95,1.0,752.021982393042,0.1,1,0,0.1,752.021982393042,0.0
547,static_rule,simple,B,0.95,1.0,702.1987967690096,0.1,1,0,0.1,702.1987967690096,0.0
548,static_rule,simple,B,0.95,1.0,760.5192216488434,0.1,0,0,0.1,760.5192216488434,0.0
549,static_rule,simple,B,0.95,1.0,794.965089398008,0.1,1,0,0.1,794.965089398008,0.0
550,static_rule,simple,B,0.95,1.0,728.6448815259226,0.1,0,0,0.1,728.6448815259226,0.0
551,static_rule,hard,A,0.95,0.3489054753653621,941.7060555625266,1.0,1,0,1.0,941.7060555625266,0.0
552,static_rule,simple,B,0.95,1.0,721.9525278861202,0.1,1,0,0.1,721.9525278861202,0.0
553,static_rule,simple,B,0.95,1.0,706.3356152736542,0.1,1,0,0.1,706.3356152736542,0.0
554,static_rule,simple,B,0.95,1.0,708.1602967011427,0.1,1,0,0.1,708.1602967011427,0.0
555,static_rule,simple,B,0.95,1.0,751.1817929142242,0.1,1,0,0.1,751.1817929142242,0.0
556,static_rule,simple,B,0.95,1.0,601.8872608757163,0.1,1,0,0.1,601.8872608757163,0.0
557,static_rule,hard,A,0.95,0.4620331286609884,994.6414729577568,1.0,1,0,1.0,994.6414729577568,0.0
558,static_rule,hard,A,0.95,0.7065891532216697,1040.210363839547,1.0,1,0,1.0,1040.210363839547,0.0
559,static_rule,simple,B,0.95,0.9814719999999999,576.3817325753812,0.1,1,0,0.1,576.3817325753812,0.0
560,static_rule,hard,A,0.95,0.847182640254861,1404.0255953559397,1.0,1,0,1.0,1404.0255953559397,0.0
561,static_rule,simple,B,0.95,1.0,701.8481571222426,0.1,1,0,0.1,701.8481571222426,0.0
562,static_rule,simple,B,0.95,1.0,636.7063552396619,0.1,1,0,0.1,636.7063552396619,0.0
563,static_rule,simple,B,0.95,1.0,718.6554977448423,0.1,1,0,0.1,718.6554977448423,0.0
564,static_rule,simple,B,0.95,1.0,717.2092987337595,0.1,1,0,0.1,717.2092987337595,0.0
565,static_rule,simple,B,0.95,1.0,674.2866979109631,0.1,0,0,0.1,674.2866979109631,0.0
566,static_rule,simple,B,0.95,1.0,741.2370648564587,0.1,0,0,0.1,741.2370648564587,0.0
567,static_rule,simple,B,0.95,1.0,661.2470081817956,0.1,1,0,0.1,661.2470081817956,0.0
568,static_rule,simple,B,0.95,1.0,674.0137745938436,0.1,1,0,0.1,674.0137745938436,0.0
569,static_rule,simple,B,0.95,1.0,856.1054000075413,0.1,1,0,0.1,856.1054000075413,0.0
570,static_rule,simple,B,0.95,1.0,665.7180694235208,0.1,1,0,0.1,665.7180694235208,0.0
571,static_rule,simple,B,0.95,1.0,687.7843877638455,0.1,1,0,0.1,687.7843877638455,0.0
572,static_rule,simple,B,0.95,1.0,642.8466185308218,0.1,1,0,0.1,642.8466185308218,0.0
573,static_rule,simple,B,0.95,1.0,662.965357840623,0.1,1,0,0.1,662.965357840623,0.0
574,static_rule,simple,B,0.95,1.0,626.6869970703146,0.1,1,0,0.1,626.6869970703146,0.0
575,static_rule,simple,B,0.95,1.0,721.701523477717,0.1,0,0,0.1,721.701523477717,0.0
576,static_rule,simple,B,0.95,1.0,649.6134302706338,0.1,1,0,0.1,649.6134302706338,0.0
577,static_rule,simple,B,0.95,1.0,702.372622687206,0.1,1,0,0.1,702.372622687206,0.0
578,static_rule,simple,B,0.95,1.0,681.8278730529773,0.1,0,0,0.1,681.8278730529773,0.0
579,static_rule,simple,B,0.95,1.0,691.2545114911817,0.1,1,0,0.1,691.2545114911817,0.0
580,static_rule,simple,B,0.95,1.0,753.7435540570181,0.1,1,0,0.1,753.7435540570181,0.0
581,static_rule,simple,B,0.95,1.0,719.4153034422592,0.1,1,0,0.1,719.4153034422592,0.0
582,static_rule,simple,B,0.95,1.0,694.1722006896352,0.1,1,0,0.1,694.1722006896352,0.0
583,static_rule,simple,B,0.95,1.0,744.7281033734924,0.1,1,0,0.1,744.7281033734924,0.0
584,static_rule,simple,B,0.95,1.0,675.3242578023983,0.1,1,0,0.1,675.3242578023983,0.0
585,static_rule,hard,A,0.95,0.3346771863068945,984.6076639828564,1.0,1,0,1.0,984.6076639828564,0.0
586,static_rule,simple,B,0.95,1.0,668.5126991021341,0.1,0,0,0.1,668.5126991021341,0.0
587,static_rule,hard,A,0.95,0.5591740130760592,1160.1022255637963,1.0,1,0,1.0,1160.1022255637963,0.0
588,static_rule,simple,B,0.95,1.0,613.6407031093587,0.1,1,0,0.1,613.6407031093587,0.0
589,static_rule,hard,A,0.95,0.7330243557261003,1390.0509521079803,1.0,1,0,1.0,1390.0509521079803,0.0
590,static_rule,simple,B,0.95,1.0,735.1393953570598,0.1,0,0,0.1,735.1393953570598,0.0
591,static_rule,simple,B,0.95,1.0,777.0796953984966,0.1,1,0,0.1,777.0796953984966,0.0
592,static_rule,hard,A,0.95,0.799535573745377,1470.6424419189236,1.0,1,0,1.0,1470.6424419189236,0.0
593,static_rule,simple,B,0.95,1.0,643.5408638814249,0.1,1,0,0.1,643.5408638814249,0.0
594,static_rule,simple,B,0.95,1.0,620.8739662867602,0.1,1,0,0.1,620.8739662867602,0.0
595,static_rule,simple,B,0.95,1.0,639.0275535606578,0.1,1,0,0.1,639.0275535606578,0.0
596,static_rule,hard,A,0.95,0.7794777737300405,1286.6673951292157,1.0,1,0,1.0,1286.6673951292157,0.0
597,static_rule,simple,B,0.95,1.0,736.5033577095269,0.1,1,0,0.1,736.5033577095269,0.0
598,static_rule,simple,B,0.95,1.0,783.7807143266438,0.1,1,0,0.1,783.7807143266438,0.0
599,static_rule,hard,A,0.95,0.8311922774193581,1414.6485899706627,1.0,1,0,1.0,1414.6485899706627,0.0
600,static_rule,hard,A,0.95,1.0,1870.2687968225237,1.0,1,0,1.0,1870.2687968225237,0.0
601,static_rule,simple,B,0.95,0.9814719999999999,630.6613903886355,0.1,1,0,0.1,630.6613903886355,0.0
602,static_rule,simple,B,0.95,1.0,709.1725505637189,0.1,1,0,0.1,709.1725505637189,0.0
603,static_rule,simple,B,0.95,1.0,711.159766183391,0.1,1,0,0.1,711.159766183391,0.0
604,static_rule,simple,B,0.95,1.0,759.8521130559649,0.1,1,0,0.1,759.8521130559649,0.0
605,static_rule,simple,B,0.95,1.0,751.9283106927084,0.1,0,0,0.1,751.9283106927084,0.0
606,static_rule,simple,B,0.95,1.0,781.2525616166282,0.1,0,0,0.1,781.2525616166282,0.0
607,static_rule,simple,B,0.95,1.0,717.8856786961823,0.1,0,0,0.1,717.8856786961823,0.0
608,static_rule,simple,B,0.95,1.0,682.8008232550111,0.1,1,0,0.1,682.8008232550111,0.0
609,static_rule,simple,B,0.95,1.0,744.3731444863279,0.1,0,0,0.1,744.3731444863279,0.0
610,static_rule,simple,B,0.95,1.0,743.9137972405848,0.1,1,0,0.1,743.9137972405848,0.0
611,static_rule,simple,B,0.95,1.0,684.9743233735231,0.1,1,0,0.1,684.9743233735231,0.0
612,static_rule,simple,B,0.95,1.0,762.4421691176974,0.1,1,0,0.1,762.4421691176974,0.0
613,static_rule,simple,B,0.95,1.0,636.069472826621,0.1,1,0,0.1,636.069472826621,0.0
614,static_rule,hard,A,0.95,0.46701574306830973,1120.9099357953191,1.0,1,0,1.0,1120.9099357953191,0.0
615,static_rule,hard,A,0.95,0.7109738539001125,1452.987285086783,1.0,1,0,1.0,1452.987285086783,0.0
616,static_rule,simple,B,0.95,0.9814719999999999,648.7019292710954,0.1,1,0,0.1,648.7019292710954,0.0
617,static_rule,simple,B,0.95,1.0,658.4889376050221,0.1,1,0,0.1,658.4889376050221,0.0
618,static_rule,simple,B,0.95,1.0,867.3029504594376,0.1,1,0,0.1,867.3029504594376,0.0
619,static_rule,simple,B,0.95,1.0,688.0466207727292,0.1,0,0,0.1,688.0466207727292,0.0
620,static_rule,simple,B,0.95,1.0,848.3648721625746,0.1,1,0,0.1,848.3648721625746,0.0
621,static_rule,simple,B,0.95,1.0,682.318872233892,0.1,1,0,0.1,682.318872233892,0.0
622,static_rule,simple,B,0.95,1.0,742.1208296378337,0.1,1,0,0.1,742.1208296378337,0.0
623,static_rule,simple,B,0.95,1.0,751.9936444128944,0.1,1,0,0.1,751.9936444128944,0.0
624,static_rule,simple,B,0.95,1.0,737.5048720808207,0.1,1,0,0.1,737.5048720808207,0.0
625,static_rule,simple,B,0.95,1.0,596.1619748610285,0.1,0,0,0.1,596.1619748610285,0.0
626,static_rule,simple,B,0.95,1.0,761.3053291480961,0.1,1,0,0.1,761.3053291480961,0.0
627,static_rule,hard,A,0.95,0.45333655282963226,995.7092792814882,1.0,1,0,1.0,995.7092792814882,0.0
628,static_rule,hard,A,0.95,0.6989361664900764,1410.8199714763618,1.0,1,0,1.0,1410.8199714763618,0.0
629,static_rule,simple,B,0.95,0.9814719999999999,630.7852727349118,0.1,1,0,0.1,630.7852727349118,0.0
630,static_rule,simple,B,0.95,1.0,799.4525013354453,0.1,1,0,0.1,799.4525013354453,0.0
631,static_rule,simple,B,0.95,1.0,811.2724201915968,0.1,0,0,0.1,811.2724201915968,0.0
632,static_rule,simple,B,0.95,1.0,731.7949493464087,0.1,0,0,0.1,731.7949493464087,0.0
633,static_rule,simple,B,0.95,1.0,690.598336917953,0.1,1,0,0.1,690.598336917953,0.0
634,static_rule,simple,B,0.95,1.0,732.209982124516,0.1,1,0,0.1,732.209982124516,0.0
635,static_rule,simple,B,0.95,1.0,610.5616059765637,0.1,1,0,0.1,610.5616059765637,0.0
636,static_rule,hard,A,0.95,0.5513615761050572,1287.6862786745103,1.0,1,0,1.0,1287.6862786745103,0.0
637,static_rule,simple,B,0.95,1.0,686.0396822614233,0.1,1,0,0.1,686.0396822614233,0.0
638,static_rule,simple,B,0.95,1.0,787.5591228778968,0.1,1,0,0.1,787.5591228778968,0.0
639,static_rule,simple,B,0.95,1.0,759.1742886077536,0.1,0,0,0.1,759.1742886077536,0.0
640,static_rule,hard,A,0.95,0.6306489788724896,1335.172607389205,1.0,1,0,1.0,1335.172607389205,0.0
641,static_rule,simple,B,0.95,1.0,676.0382909372088,0.1,1,0,0.1,676.0382909372088,0.0
642,static_rule,hard,A,0.95,0.788374569238856,1480.2547409924807,1.0,1,0,1.0,1480.2547409924807,0.0
643,static_rule,simple,B,0.95,1.0,810.1584203394968,0.1,1,0,0.1,810.1584203394968,0.0
644,static_rule,simple,B,0.95,1.0,760.6787078336761,0.1,1,0,0.1,760.6787078336761,0.0
645,static_rule,hard,A,0.95,0.8372551944483417,1340.1823356875507,1.0,1,0,1.0,1340.1823356875507,0.0
646,static_rule,simple,B,0.95,1.0,635.0416387930609,0.1,1,0,0.1,635.0416387930609,0.0
647,static_rule,simple,B,0.95,1.0,732.3292757500672,0.1,1,0,0.1,732.3292757500672,0.0
648,static_rule,simple,B,0.95,1.0,717.0458377556798,0.1,0,0,0.1,717.0458377556798,0.0
649,static_rule,hard,A,0.95,0.8020980552465684,1471.5350149830472,1.0,1,0,1.0,1471.5350149830472,0.0
650,static_rule,hard,A,0.95,1.0,1732.291552192142,1.0,1,0,1.0,1732.291552192142,0.0
651,static_rule,simple,B,0.95,0.9814719999999999,663.750514498907,0.1,1,0,0.1,663.750514498907,0.0
652,static_rule,simple,B,0.95,1.0,820.1237746562382,0.1,1,0,0.1,820.1237746562382,0.0
653,static_rule,simple,B,0.95,1.0,779.9294210803853,0.1,1,0,0.1,779.9294210803853,0.0
654,static_rule,simple,B,0.95,1.0,860.0253701013261,0.1,1,0,0.1,860.0253701013261,0.0
655,static_rule,simple,B,0.95,1.0,771.120997202431,0.1,1,0,0.1,771.120997202431,0.0
656,static_rule,simple,B,0.95,1.0,685.5224843696622,0.1,1,0,0.1,685.5224843696622,0.0
657,static_rule,simple,B,0.95,1.0,642.3539077916349,0.1,0,0,0.1,642.3539077916349,0.0
658,static_rule,hard,A,0.95,0.6596345248055295,1318.641926817497,1.0,1,0,1.0,1318.641926817497,0.0
659,static_rule,simple,B,0.95,1.0,634.8778430305503,0.1,1,0,0.1,634.8778430305503,0.0
660,static_rule,simple,B,0.95,1.0,719.7842652382247,0.1,1,0,0.1,719.7842652382247,0.0
661,static_rule,simple,B,0.95,1.0,860.6874295612329,0.1,0,0,0.1,860.6874295612329,0.0
662,static_rule,hard,A,0.95,0.695579763821681,1357.8278538338934,1.0,1,0,1.0,1357.8278538338934,0.0
663,static_rule,simple,B,0.95,1.0,678.1450620744357,0.1,1,0,0.1,678.1450620744357,0.0
664,static_rule,simple,B,0.95,1.0,663.43984703116,0.1,1,0,0.1,663.43984703116,0.0
665,static_rule,simple,B,0.95,1.0,681.8151462848911,0.1,0,0,0.1,681.8151462848911,0.0
666,static_rule,simple,B,0.95,1.0,733.8347677833215,0.1,1,0,0.1,733.8347677833215,0.0
667,static_rule,simple,B,0.95,1.0,735.4826225190426,0.1,1,0,0.1,735.4826225190426,0.0
668,static_rule,simple,B,0.95,1.0,727.8257013841368,0.1,1,0,0.1,727.8257013841368,0.0
669,static_rule,simple,B,0.95,1.0,672.8079861991014,0.1,1,0,0.1,672.8079861991014,0.0
670,static_rule,hard,A,0.95,0.5501544978263528,1148.7305963265494,1.0,1,0,1.0,1148.7305963265494,0.0
671,static_rule,hard,A,0.95,0.7841359580871905,1429.2689274416707,1.0,1,0,1.0,1429.2689274416707,0.0
672,static_rule,simple,B,0.95,0.9814719999999999,592.7718584359585,0.1,1,0,0.1,592.7718584359585,0.0
673,static_rule,simple,B,0.95,1.0,723.6403080147949,0.1,1,0,0.1,723.6403080147949,0.0
674,static_rule,simple,B,0.95,1.0,755.6148049562529,0.1,1,0,0.1,755.6148049562529,0.0
675,static_rule,simple,B,0.95,1.0,697.2475949044084,0.1,1,0,0.1,697.2475949044084,0.0
676,static_rule,simple,B,0.95,1.0,794.9418389717243,0.1,1,0,0.1,794.9418389717243,0.0
677,static_rule,simple,B,0.95,1.0,736.2564707052943,0.1,1,0,0.1,736.2564707052943,0.0
678,static_rule,hard,A,0.95,0.6204572303063811,1431.4605204436727,1.0,1,0,1.0,1431.4605204436727,0.0
679,static_rule,simple,B,0.95,1.0,569.4643695862392,0.1,1,0,0.1,569.4643695862392,0.0
680,static_rule,hard,A,0.95,0.7804820791492616,1417.4204677257999,1.0,1,0,1.0,1417.4204677257999,0.0
681,static_rule,simple,B,0.95,1.0,626.2783615301629,0.1,1,0,0.1,626.2783615301629,0.0
682,static_rule,simple,B,0.95,1.0,892.635554194816,0.1,1,0,0.1,892.635554194816,0.0
683,static_rule,hard,A,0.95,0.8318766834420057,1495.1220540036802,1.0,1,0,1.0,1495.1220540036802,0.0
684,static_rule,simple,B,0.95,1.0,704.4481471034527,0.1,1,0,0.1,704.4481471034527,0.0
685,static_rule,simple,B,0.95,1.0,756.4964877239431,0.1,1,0,0.1,756.4964877239431,0.0
686,static_rule,simple,B,0.95,1.0,715.8788419016184,0.1,1,0,0.1,715.8788419016184,0.0
687,static_rule,hard,A,0.95,0.7988725871523596,1482.3631581026318,1.0,1,0,1.0,1482.3631581026318,0.0
688,static_rule,simple,B,0.95,1.0,647.6355456465141,0.1,1,0,0.1,647.6355456465141,0.0
689,static_rule,simple,B,0.95,1.0,657.59351202742,0.1,1,0,0.1,657.59351202742,0.0
690,static_rule,simple,B,0.95,1.0,647.6356612469909,0.1,1,0,0.1,647.6356612469909,0.0
691,static_rule,simple,B,0.95,1.0,727.0121100840353,0.1,1,0,0.1,727.0121100840353,0.0
692,static_rule,simple,B,0.95,1.0,677.0831162043827,0.1,0,0,0.1,677.0831162043827,0.0
693,static_rule,simple,B,0.95,1.0,760.3025397753586,0.1,0,0,0.1,760.3025397753586,0.0
694,static_rule,simple,B,0.95,1.0,754.9990695978983,0.1,1,0,0.1,754.9990695978983,0.0
695,static_rule,simple,B,0.95,1.0,574.623324627544,0.1,1,0,0.1,574.623324627544,0.0
696,static_rule,simple,B,0.95,1.0,717.831326547394,0.1,1,0,0.1,717.831326547394,0.0
697,static_rule,simple,B,0.95,1.0,582.9545583292006,0.1,1,0,0.1,582.9545583292006,0.0
698,static_rule,simple,B,0.95,1.0,674.3055632967884,0.1,1,0,0.1,674.3055632967884,0.0
699,static_rule,simple,B,0.95,1.0,684.0603014053355,0.1,1,0,0.1,684.0603014053355,0.0
700,static_rule,hard,A,0.95,0.4516185213183572,994.6668097138826,1.0,1,0,1.0,994.6668097138826,0.0
701,static_rule,simple,B,0.95,1.0,439.90825397380854,0.1,1,0,0.1,439.90825397380854,0.0
702,static_rule,simple,B,0.95,1.0,641.8049978853178,0.1,1,0,0.1,641.8049978853178,0.0
703,static_rule,simple,B,0.95,1.0,794.9463788704202,0.1,1,0,0.1,794.9463788704202,0.0
704,static_rule,simple,B,0.95,1.0,675.9586322119601,0.1,1,0,0.1,675.9586322119601,0.0
705,static_rule,simple,B,0.95,1.0,750.1481106887584,0.1,1,0,0.1,750.1481106887584,0.0
706,static_rule,simple,B,0.95,1.0,788.1665442524297,0.1,1,0,0.1,788.1665442524297,0.0
707,static_rule,simple,B,0.95,1.0,677.4072136047708,0.1,0,0,0.1,677.4072136047708,0.0
708,static_rule,hard,A,0.95,0.4624176123077033,1184.2483303501726,1.0,1,0,1.0,1184.2483303501726,0.0
709,static_rule,simple,B,0.95,1.0,718.9205615397176,0.1,1,0,0.1,718.9205615397176,0.0
710,static_rule,simple,B,0.95,1.0,700.3385124977416,0.1,1,0,0.1,700.3385124977416,0.0
711,static_rule,hard,A,0.95,0.6151246550945552,1197.7422157933577,1.0,1,0,1.0,1197.7422157933577,0.0
712,static_rule,simple,B,0.95,1.0,664.7146430538621,0.1,1,0,0.1,664.7146430538621,0.0
713,static_rule,simple,B,0.95,1.0,778.6729994281665,0.1,1,0,0.1,778.6729994281665,0.0
714,static_rule,simple,B,0.95,1.0,619.3250066511216,0.1,1,0,0.1,619.3250066511216,0.0
715,static_rule,simple,B,0.95,1.0,868.3546726083521,0.1,1,0,0.1,868.3546726083521,0.0
716,static_rule,simple,B,0.95,1.0,723.3899338452339,0.1,1,0,0.1,723.3899338452339,0.0
717,static_rule,simple,B,0.95,1.0,733.072979006078,0.1,1,0,0.1,733.072979006078,0.0
718,static_rule,hard,A,0.95,0.5513864352626088,1255.9467413793204,1.0,1,0,1.0,1255.9467413793204,0.0
719,static_rule,simple,B,0.95,1.0,696.3003890259041,0.1,1,0,0.1,696.3003890259041,0.0
720,static_rule,simple,B,0.95,1.0,702.9224111018822,0.1,1,0,0.1,702.9224111018822,0.0
721,static_rule,simple,B,0.95,1.0,745.0971980209538,0.1,1,0,0.1,745.0971980209538,0.0
722,static_rule,simple,B,0.95,1.0,816.2797353182353,0.1,0,0,0.1,816.2797353182353,0.0
723,static_rule,simple,B,0.95,1.0,646.0333773245292,0.1,1,0,0.1,646.0333773245292,0.0
724,static_rule,simple,B,0.95,1.0,720.5745864472692,0.1,0,0,0.1,720.5745864472692,0.0
725,static_rule,hard,A,0.95,0.5253381802612309,1188.055305916431,1.0,1,0,1.0,1188.055305916431,0.0
726,static_rule,simple,B,0.95,1.0,658.7364980003744,0.1,1,0,0.1,658.7364980003744,0.0
727,static_rule,simple,B,0.95,1.0,784.3750650425186,0.1,1,0,0.1,784.3750650425186,0.0
728,static_rule,simple,B,0.95,1.0,722.8309608908016,0.1,1,0,0.1,722.8309608908016,0.0
729,static_rule,simple,B,0.95,1.0,676.744609040359,0.1,1,0,0.1,676.744609040359,0.0
730,static_rule,hard,A,0.95,0.5772377248374834,1195.0869485979495,1.0,1,0,1.0,1195.0869485979495,0.0
731,static_rule,simple,B,0.95,1.0,604.8515834762807,0.1,1,0,0.1,604.8515834762807,0.0
732,static_rule,hard,A,0.95,0.7470128941141472,1241.485668628612,1.0,1,0,1.0,1241.485668628612,0.0
733,static_rule,simple,B,0.95,1.0,687.9116663738989,0.1,1,0,0.1,687.9116663738989,0.0
734,static_rule,simple,B,0.95,1.0,816.0767297349063,0.1,1,0,0.1,816.0767297349063,0.0
735,static_rule,hard,A,0.95,0.8090683709777562,1524.465485306564,1.0,1,0,1.0,1524.465485306564,0.0
736,static_rule,hard,A,0.95,1.0,1696.4823385316938,1.0,1,0,1.0,1696.4823385316938,0.0
737,static_rule,simple,B,0.95,0.9814719999999999,600.9108086962041,0.1,1,0,0.1,600.9108086962041,0.0
738,static_rule,hard,A,0.95,1.0,1847.3104079048014,1.0,1,0,1.0,1847.3104079048014,0.0
739,static_rule,simple,B,0.95,1.0,616.7529990035046,0.1,1,0,0.1,616.7529990035046,0.0
740,static_rule,simple,B,0.95,1.0,668.5027681933914,0.1,1,0,0.1,668.5027681933914,0.0
741,static_rule,simple,B,0.95,1.0,754.9703607398832,0.1,1,0,0.1,754.9703607398832,0.0
742,static_rule,hard,A,0.95,0.8996953599999999,1342.5343996298823,1.0,1,0,1.0,1342.5343996298823,0.0
743,static_rule,simple,B,0.95,1.0,808.0133670147643,0.1,1,0,0.1,808.0133670147643,0.0
744,static_rule,simple,B,0.95,1.0,664.0795527113565,0.1,0,0,0.1,664.0795527113565,0.0
745,static_rule,simple,B,0.95,1.0,741.0848663303543,0.1,1,0,0.1,741.0848663303543,0.0
746,static_rule,simple,B,0.95,1.0,765.2304276276922,0.1,0,0,0.1,765.2304276276922,0.0
747,static_rule,simple,B,0.95,1.0,760.4666883982615,0.1,1,0,0.1,760.4666883982615,0.0
748,static_rule,hard,A,0.95,0.7178222020446021,1268.7832797039694,1.0,1,0,1.0,1268.7832797039694,0.0
749,static_rule,simple,B,0.95,1.0,622.018480495458,0.1,1,0,0.1,622.018480495458,0.0
750,static_rule,simple,B,0.95,1.0,678.9845661623865,0.1,1,0,0.1,678.9845661623865,0.0
751,static_rule,simple,B,0.95,1.0,673.4933761676303,0.1,1,0,0.1,673.4933761676303,0.0
752,static_rule,simple,B,0.95,1.0,614.8048559350652,0.1,0,0,0.1,614.8048559350652,0.0
753,static_rule,hard,A,0.95,0.6788176866065947,1279.449075949533,1.0,1,0,1.0,1279.449075949533,0.0
754,static_rule,hard,A,0.95,0.8973595642138033,1479.4417605331314,1.0,1,0,1.0,1479.4417605331314,0.0
755,static_rule,simple,B,0.95,0.9814719999999999,534.6432227595918,0.1,1,0,0.1,534.6432227595918,0.0
756,static_rule,simple,B,0.95,1.0,759.3950370221289,0.1,1,0,0.1,759.3950370221289,0.0
757,static_rule,hard,A,0.95,0.9115254169439089,1665.648501521071,1.0,1,0,1.0,1665.648501521071,0.0
758,static_rule,hard,A,0.95,1.0,1769.4902208063809,1.0,1,0,1.0,1769.4902208063809,0.0
759,static_rule,simple,B,0.95,0.9814719999999999,577.0212646449725,0.1,0,0,0.1,577.0212646449725,0.0
760,static_rule,simple,B,0.95,1.0,802.6541551401194,0.1,1,0,0.1,802.6541551401194,0.0
761,static_rule,hard,A,0.95,0.9814719999999999,1836.4476191752512,1.0,1,0,1.0,1836.4476191752512,0.0
762,static_rule,simple,B,0.95,1.0,625.3613602908019,0.1,1,0,0.1,625.3613602908019,0.0
763,static_rule,simple,B,0.95,1.0,712.0307488311541,0.1,1,0,0.1,712.0307488311541,0.0
764,static_rule,hard,A,0.95,0.9688456867839998,1649.7274206548864,1.0,1,0,1.0,1649.7274206548864,0.0
765,static_rule,simple,B,0.95,1.0,720.7452580108998,0.1,1,0,0.1,720.7452580108998,0.0
766,static_rule,hard,A,0.95,1.0,1734.4835685211106,1.0,1,0,1.0,1734.4835685211106,0.0
767,static_rule,simple,B,0.95,1.0,609.325717820723,0.1,1,0,0.1,609.325717820723,0.0
768,static_rule,simple,B,0.95,1.0,760.7342470920959,0.1,1,0,0.1,760.7342470920959,0.0
769,static_rule,simple,B,0.95,1.0,753.0778528465125,0.1,1,0,0.1,753.0778528465125,0.0
770,static_rule,hard,A,0.95,0.8996953599999999,1753.87940098551,1.0,1,0,1.0,1753.87940098551,0.0
771,static_rule,simple,B,0.95,1.0,763.9480912397847,0.1,1,0,0.1,763.9480912397847,0.0
772,static_rule,hard,A,0.95,0.9967240867839999,1572.5991944414131,1.0,1,0,1.0,1572.5991944414131,0.0
773,static_rule,simple,B,0.95,1.0,733.4644183466833,0.1,1,0,0.1,733.4644183466833,0.0
774,static_rule,simple,B,0.95,1.0,763.2899731314525,0.1,0,0,0.1,763.2899731314525,0.0
775,static_rule,simple,B,0.95,1.0,717.5804985130887,0.1,0,0,0.1,717.5804985130887,0.0
776,static_rule,simple,B,0.95,1.0,666.7920123728402,0.1,1,0,0.1,666.7920123728402,0.0
777,static_rule,simple,B,0.95,1.0,684.1601357396554,0.1,1,0,0.1,684.1601357396554,0.0
778,static_rule,simple,B,0.95,1.0,767.4641321963013,0.1,1,0,0.1,767.4641321963013,0.0
779,static_rule,simple,B,0.95,1.0,736.6565562289037,0.1,0,0,0.1,736.6565562289037,0.0
780,static_rule,simple,B,0.95,1.0,790.4410980166487,0.1,1,0,0.1,790.4410980166487,0.0
781,static_rule,simple,B,0.95,1.0,697.8050174453859,0.1,1,0,0.1,697.8050174453859,0.0
782,static_rule,hard,A,0.95,0.577588630981424,1232.0006658993223,1.0,1,0,1.0,1232.0006658993223,0.0
783,static_rule,simple,B,0.95,1.0,616.5945238813831,0.1,1,0,0.1,616.5945238813831,0.0
784,static_rule,simple,B,0.95,1.0,676.9328739705975,0.1,1,0,0.1,676.9328739705975,0.0
785,static_rule,simple,B,0.95,1.0,692.418351492926,0.1,1,0,0.1,692.418351492926,0.0
786,static_rule,simple,B,0.95,1.0,741.1466316580958,0.1,1,0,0.1,741.1466316580958,0.0
787,static_rule,simple,B,0.95,1.0,655.0335863563951,0.1,1,0,0.1,655.0335863563951,0.0
788,static_rule,simple,B,0.95,1.0,668.500436002438,0.1,0,0,0.1,668.500436002438,0.0
789,static_rule,simple,B,0.95,1.0,758.0905855365421,0.1,1,0,0.1,758.0905855365421,0.0
790,static_rule,hard,A,0.95,0.5077208128360808,1132.221493031508,1.0,1,0,1.0,1132.221493031508,0.0
791,static_rule,simple,B,0.95,1.0,652.393518947966,0.1,1,0,0.1,652.393518947966,0.0
792,static_rule,simple,B,0.95,1.0,836.6118144856072,0.1,1,0,0.1,836.6118144856072,0.0
793,static_rule,simple,B,0.95,1.0,710.3259329117312,0.1,0,0,0.1,710.3259329117312,0.0
794,static_rule,hard,A,0.95,0.6044778156332261,1272.955611554131,1.0,1,0,1.0,1272.955611554131,0.0
795,static_rule,simple,B,0.95,1.0,699.8757162147253,0.1,0,0,0.1,699.8757162147253,0.0
796,static_rule,hard,A,0.95,0.7681076204263703,1383.0668230007275,1.0,1,0,1.0,1383.0668230007275,0.0
797,static_rule,hard,A,0.95,0.9759347059752059,1478.1773303303044,1.0,1,0,1.0,1478.1773303303044,0.0
798,static_rule,simple,B,0.95,0.9814719999999999,660.9291889568285,0.1,1,0,0.1,660.9291889568285,0.0
799,static_rule,simple,B,0.95,1.0,570.815016182844,0.1,1,0,0.1,570.815016182844,0.0
800,static_rule,simple,B,0.95,1.0,794.5255668050839,0.1,0,0,0.1,794.5255668050839,0.0
801,static_rule,simple,B,0.95,1.0,758.2081786940008,0.1,1,0,0.1,758.2081786940008,0.0
802,static_rule,simple,B,0.95,1.0,679.3027854780509,0.1,1,0,0.1,679.3027854780509,0.0
803,static_rule,simple,B,0.95,1.0,784.058380731979,0.1,0,0,0.1,784.058380731979,0.0
804,static_rule,simple,B,0.95,1.0,692.2090573882895,0.1,1,0,0.1,692.2090573882895,0.0
805,static_rule,simple,B,0.95,1.0,642.9351336922223,0.1,0,0,0.1,642.9351336922223,0.0
806,static_rule,simple,B,0.95,1.0,775.5099920373852,0.1,1,0,0.1,775.5099920373852,0.0
807,static_rule,hard,A,0.95,0.5717987681355436,1132.8683240612079,1.0,1,0,1.0,1132.8683240612079,0.0
808,static_rule,simple,B,0.95,1.0,624.3084367118357,0.1,0,0,0.1,624.3084367118357,0.0
809,static_rule,simple,B,0.95,1.0,595.4026469558012,0.1,1,0,0.1,595.4026469558012,0.0
810,static_rule,simple,B,0.95,1.0,699.5049128692934,0.1,1,0,0.1,699.5049128692934,0.0
811,static_rule,simple,B,0.95,1.0,616.303714272301,0.1,1,0,0.1,616.303714272301,0.0
812,static_rule,simple,B,0.95,1.0,646.3035311753346,0.1,1,0,0.1,646.3035311753346,0.0
813,static_rule,simple,B,0.95,1.0,718.1801045467147,0.1,1,0,0.1,718.1801045467147,0.0
814,static_rule,hard,A,0.95,0.5336802025713789,1152.491554971218,1.0,0,0,1.0,1152.491554971218,0.0
815,static_rule,simple,B,0.95,1.0,714.2081593729202,0.1,0,0,0.1,714.2081593729202,0.0
816,static_rule,hard,A,0.95,0.7132819488712758,1305.193173203221,1.0,1,0,1.0,1305.193173203221,0.0
817,static_rule,simple,B,0.95,1.0,685.8563485314687,0.1,1,0,0.1,685.8563485314687,0.0
818,static_rule,simple,B,0.95,1.0,803.7353719965218,0.1,1,0,0.1,803.7353719965218,0.0
819,static_rule,hard,A,0.95,0.7860816762612061,1334.3345712172638,1.0,1,0,1.0,1334.3345712172638,0.0
820,static_rule,simple,B,0.95,1.0,647.3606340945825,0.1,1,0,0.1,647.3606340945825,0.0
821,static_rule,simple,B,0.95,1.0,759.9267475968373,0.1,1,0,0.1,759.9267475968373,0.0
822,static_rule,simple,B,0.95,1.0,747.4597651171775,0.1,0,0,0.1,747.4597651171775,0.0
823,static_rule,simple,B,0.95,1.0,640.7548837620367,0.1,1,0,0.1,640.7548837620367,0.0
824,static_rule,simple,B,0.95,1.0,765.161257937727,0.1,1,0,0.1,765.161257937727,0.0
825,static_rule,simple,B,0.95,1.0,713.5517373428333,0.1,1,0,0.1,713.5517373428333,0.0
826,static_rule,hard,A,0.95,0.6212523978415148,1234.6332914681395,1.0,1,0,1.0,1234.6332914681395,0.0
827,static_rule,simple,B,0.95,1.0,648.3816791274226,0.1,1,0,0.1,648.3816791274226,0.0
828,static_rule,simple,B,0.95,1.0,706.6762351775486,0.1,1,0,0.1,706.6762351775486,0.0
829,static_rule,simple,B,0.95,1.0,724.6422229763701,0.1,0,0,0.1,724.6422229763701,0.0
830,static_rule,simple,B,0.95,1.0,782.0071979995566,0.1,0,0,0.1,782.0071979995566,0.0
831,static_rule,simple,B,0.95,1.0,703.1562079764252,0.1,0,0,0.1,703.1562079764252,0.0
832,static_rule,simple,B,0.95,1.0,693.9418601789632,0.1,1,0,0.1,693.9418601789632,0.0
833,static_rule,simple,B,0.95,1.0,699.8821833820373,0.1,1,0,0.1,699.8821833820373,0.0
834,static_rule,simple,B,0.95,1.0,761.8640390663275,0.1,1,0,0.1,761.8640390663275,0.0
835,static_rule,simple,B,0.95,1.0,734.2722097732943,0.1,0,0,0.1,734.2722097732943,0.0
836,static_rule,simple,B,0.95,1.0,750.7341543136828,0.1,0,0,0.1,750.7341543136828,0.0
837,static_rule,simple,B,0.95,1.0,783.2954219139453,0.1,1,0,0.1,783.2954219139453,0.0
838,static_rule,simple,B,0.95,1.0,675.3800324187891,0.1,1,0,0.1,675.3800324187891,0.0
839,static_rule,simple,B,0.95,1.0,757.6996824617579,0.1,1,0,0.1,757.6996824617579,0.0
840,static_rule,simple,B,0.95,1.0,823.0063850245216,0.1,1,0,0.1,823.0063850245216,0.0
841,static_rule,hard,A,0.95,0.3913078591554534,995.3192071717114,1.0,1,0,1.0,995.3192071717114,0.0
842,static_rule,hard,A,0.95,0.6443509160567991,1318.9640999510493,1.0,1,0,1.0,1318.9640999510493,0.0
843,static_rule,simple,B,0.95,0.9814719999999999,652.6110865121866,0.1,1,0,0.1,652.6110865121866,0.0
844,static_rule,simple,B,0.95,1.0,629.5367318663805,0.1,1,0,0.1,629.5367318663805,0.0
845,static_rule,simple,B,0.95,1.0,721.7992992453221,0.1,1,0,0.1,721.7992992453221,0.0
846,static_rule,simple,B,0.95,1.0,631.5113522091058,0.1,1,0,0.1,631.5113522091058,0.0
847,static_rule,hard,A,0.95,0.6400445440224904,1252.3381532451433,1.0,1,0,1.0,1252.3381532451433,0.0
848,static_rule,hard,A,0.95,0.8632391987397916,1613.2173769030476,1.0,1,0,1.0,1613.2173769030476,0.0
849,static_rule,simple,B,0.95,0.9814719999999999,604.9041546338005,0.1,1,0,0.1,604.9041546338005,0.0
850,static_rule,simple,B,0.95,1.0,734.6394401374065,0.1,1,0,0.1,734.6394401374065,0.0
851,static_rule,simple,B,0.95,1.0,685.6885279338727,0.1,1,0,0.1,685.6885279338727,0.0
852,static_rule,hard,A,0.95,0.8176805420543709,1341.4819917914965,1.0,1,0,1.0,1341.4819917914965,0.0
853,static_rule,simple,B,0.95,1.0,671.5865950808809,0.1,1,0,0.1,671.5865950808809,0.0
854,static_rule,simple,B,0.95,1.0,759.6686434864273,0.1,0,0,0.1,759.6686434864273,0.0
855,static_rule,simple,B,0.95,1.0,703.0961562945563,0.1,1,0,0.1,703.0961562945563,0.0
856,static_rule,simple,B,0.95,1.0,708.7881414081811,0.1,1,0,0.1,708.7881414081811,0.0
857,static_rule,simple,B,0.95,1.0,725.3603248090448,0.1,1,0,0.1,725.3603248090448,0.0
858,static_rule,simple,B,0.95,1.0,767.6898063534011,0.1,1,0,0.1,767.6898063534011,0.0
859,static_rule,simple,B,0.95,1.0,669.9437113347253,0.1,1,0,0.1,669.9437113347253,0.0
860,static_rule,simple,B,0.95,1.0,764.8534557228506,0.1,1,0,0.1,764.8534557228506,0.0
861,static_rule,simple,B,0.95,1.0,555.8442615684675,0.1,1,0,0.1,555.8442615684675,0.0
862,static_rule,simple,B,0.95,1.0,688.2770599780953,0.1,0,0,0.1,688.2770599780953,0.0
863,static_rule,simple,B,0.95,1.0,685.3965703418964,0.1,1,0,0.1,685.3965703418964,0.0
864,static_rule,simple,B,0.95,1.0,738.0733947342808,0.1,1,0,0.1,738.0733947342808,0.0
865,static_rule,hard,A,0.95,0.45518809468603305,965.3519078004467,1.0,1,0,1.0,965.3519078004467,0.0
866,static_rule,simple,B,0.95,1.0,601.8214137644043,0.1,1,0,0.1,601.8214137644043,0.0
867,static_rule,simple,B,0.95,1.0,740.3821448613672,0.1,1,0,0.1,740.3821448613672,0.0
868,static_rule,simple,B,0.95,1.0,672.7453631865651,0.1,1,0,0.1,672.7453631865651,0.0
869,static_rule,simple,B,0.95,1.0,752.2239524052579,0.1,1,0,0.1,752.2239524052579,0.0
870,static_rule,hard,A,0.95,0.5402172857132002,1200.2082937285684,1.0,1,0,1.0,1200.2082937285684,0.0
871,static_rule,simple,B,0.95,1.0,652.8371017864039,0.1,1,0,0.1,652.8371017864039,0.0
872,static_rule,simple,B,0.95,1.0,665.0184079704378,0.1,1,0,0.1,665.0184079704378,0.0
873,static_rule,simple,B,0.95,1.0,681.2168725444545,0.1,1,0,0.1,681.2168725444545,0.0
874,static_rule,simple,B,0.95,1.0,829.4769507196462,0.1,1,0,0.1,829.4769507196462,0.0
875,static_rule,simple,B,0.95,1.0,735.3268879833613,0.1,0,0,0.1,735.3268879833613,0.0
876,static_rule,simple,B,0.95,1.0,817.5096552630296,0.1,1,0,0.1,817.5096552630296,0.0
877,static_rule,simple,B,0.95,1.0,728.0282749193434,0.1,1,0,0.1,728.0282749193434,0.0
878,static_rule,simple,B,0.95,1.0,690.5015165711462,0.1,1,0,0.1,690.5015165711462,0.0
879,static_rule,hard,A,0.95,0.47096709241849577,1162.6251936545204,1.0,1,0,1.0,1162.6251936545204,0.0
880,static_rule,hard,A,0.95,0.7144510413282763,1526.115046716825,1.0,1,0,1.0,1526.115046716825,0.0
881,static_rule,hard,A,0.95,0.9287169163688831,1774.4120048947561,1.0,1,0,1.0,1774.4120048947561,0.0
882,static_rule,simple,B,0.95,0.8996953599999999,560.7116901425876,0.1,0,0,0.1,560.7116901425876,0.0
883,static_rule,simple,B,0.95,1.0,738.0351731258902,0.1,1,0,0.1,738.0351731258902,0.0
884,static_rule,simple,B,0.95,1.0,759.5727939092774,0.1,1,0,0.1,759.5727939092774,0.0
885,static_rule,simple,B,0.95,1.0,753.8346148358293,0.1,1,0,0.1,753.8346148358293,0.0
886,static_rule,hard,A,0.95,0.7901135584399359,1423.9617988271978,1.0,1,0,1.0,1423.9617988271978,0.0
887,static_rule,simple,B,0.95,1.0,736.4797901445078,0.1,1,0,0.1,736.4797901445078,0.0
888,static_rule,hard,A,0.95,0.9118639396558863,1507.7638609267522,1.0,1,0,1.0,1507.7638609267522,0.0
889,static_rule,simple,B,0.95,1.0,709.469166433282,0.1,1,0,0.1,709.469166433282,0.0
890,static_rule,simple,B,0.95,1.0,779.9097900422352,0.1,1,0,0.1,779.9097900422352,0.0
891,static_rule,simple,B,0.95,1.0,757.9028528788959,0.1,1,0,0.1,757.9028528788959,0.0
892,static_rule,simple,B,0.95,1.0,747.1108037476488,0.1,1,0,0.1,747.1108037476488,0.0
893,static_rule,simple,B,0.95,1.0,688.4031783760138,0.1,1,0,0.1,688.4031783760138,0.0
894,static_rule,simple,B,0.95,1.0,767.8472195942466,0.1,1,0,0.1,767.8472195942466,0.0
895,static_rule,simple,B,0.95,1.0,640.2802335772085,0.1,1,0,0.1,640.2802335772085,0.0
896,static_rule,simple,B,0.95,1.0,700.319838539863,0.1,1,0,0.1,700.319838539863,0.0
897,static_rule,hard,A,0.95,0.5885852240703897,1334.9397470316624,1.0,1,0,1.0,1334.9397470316624,0.0
898,static_rule,simple,B,0.95,1.0,574.919548550866,0.1,1,0,0.1,574.919548550866,0.0
899,static_rule,simple,B,0.95,1.0,791.4705225609196,0.1,1,0,0.1,791.4705225609196,0.0
900,static_rule,simple,B,0.95,1.0,693.872185709023,0.1,1,0,0.1,693.872185709023,0.0
901,static_rule,simple,B,0.95,1.0,676.1334338097491,0.1,0,0,0.1,676.1334338097491,0.0
902,static_rule,hard,A,0.95,0.6106152084988243,1218.4888700710583,1.0,1,0,1.0,1218.4888700710583,0.0
903,static_rule,simple,B,0.95,1.0,589.9302607102144,0.1,1,0,0.1,589.9302607102144,0.0
904,static_rule,simple,B,0.95,1.0,736.7877379588842,0.1,1,0,0.1,736.7877379588842,0.0
905,static_rule,simple,B,0.95,1.0,740.8578472057619,0.1,1,0,0.1,740.8578472057619,0.0
906,static_rule,simple,B,0.95,1.0,699.5914747066976,0.1,1,0,0.1,699.5914747066976,0.0
907,static_rule,simple,B,0.95,1.0,756.5646970730877,0.1,1,0,0.1,756.5646970730877,0.0
908,static_rule,simple,B,0.95,1.0,799.1370079810388,0.1,1,0,0.1,799.1370079810388,0.0
909,static_rule,hard,A,0.95,0.5495435344858001,1126.6502247369394,1.0,1,0,1.0,1126.6502247369394,0.0
910,static_rule,simple,B,0.95,1.0,717.0631070494724,0.1,1,0,0.1,717.0631070494724,0.0
911,static_rule,simple,B,0.95,1.0,709.3040524814442,0.1,1,0,0.1,709.3040524814442,0.0
912,static_rule,simple,B,0.95,1.0,661.1210671931773,0.1,1,0,0.1,661.1210671931773,0.0
913,static_rule,hard,A,0.95,0.6295587077491342,1211.9684368240416,1.0,1,0,1.0,1211.9684368240416,0.0
914,static_rule,simple,B,0.95,1.0,633.7413277546432,0.1,1,0,0.1,633.7413277546432,0.0
915,static_rule,simple,B,0.95,1.0,724.9418900442365,0.1,1,0,0.1,724.9418900442365,0.0
916,static_rule,simple,B,0.95,1.0,698.3008895472118,0.1,1,0,0.1,698.3008895472118,0.0
917,static_rule,simple,B,0.95,1.0,801.2440840381739,0.1,1,0,0.1,801.2440840381739,0.0
918,static_rule,simple,B,0.95,1.0,753.7113072667789,0.1,1,0,0.1,753.7113072667789,0.0
919,static_rule,simple,B,0.95,1.0,721.9450126104472,0.1,1,0,0.1,721.9450126104472,0.0
920,static_rule,hard,A,0.95,0.5572852803392536,1228.6293244514063,1.0,1,0,1.0,1228.6293244514063,0.0
921,static_rule,hard,A,0.95,0.7904110466985432,1500.3016115914934,1.0,1,0,1.0,1500.3016115914934,0.0
922,static_rule,hard,A,0.95,0.9955617210947181,1782.4491524522643,1.0,1,0,1.0,1782.4491524522643,0.0
923,static_rule,simple,B,0.95,0.8996953599999999,641.1825400512078,0.1,1,0,0.1,641.1825400512078,0.0
924,static_rule,hard,A,0.95,1.0,1897.03544701174,1.0,1,0,1.0,1897.03544701174,0.0
925,static_rule,simple,B,0.95,0.9967240867839999,621.8206772721317,0.1,1,0,0.1,621.8206772721317,0.0
926,static_rule,simple,B,0.95,1.0,734.997071253991,0.1,0,0,0.1,734.997071253991,0.0
927,static_rule,simple,B,0.95,1.0,665.6389012448212,0.1,1,0,0.1,665.6389012448212,0.0
928,static_rule,simple,B,0.95,1.0,692.2783094311229,0.1,1,0,0.1,692.2783094311229,0.0
929,static_rule,simple,B,0.95,1.0,746.9121116134653,0.1,1,0,0.1,746.9121116134653,0.0
930,static_rule,simple,B,0.95,1.0,739.8425439865446,0.1,1,0,0.1,739.8425439865446,0.0
931,static_rule,simple,B,0.95,1.0,861.5559466842507,0.1,1,0,0.1,861.5559466842507,0.0
932,static_rule,simple,B,0.95,1.0,700.9260557797695,0.1,1,0,0.1,700.9260557797695,0.0
933,static_rule,hard,A,0.95,0.6164783818288659,1283.2554645693328,1.0,1,0,1.0,1283.2554645693328,0.0
934,static_rule,simple,B,0.95,1.0,678.7718036550746,0.1,0,0,0.1,678.7718036550746,0.0
935,static_rule,simple,B,0.95,1.0,769.7642887236578,0.1,1,0,0.1,769.7642887236578,0.0
936,static_rule,hard,A,0.95,0.7201127558216809,1334.1815255694619,1.0,1,0,1.0,1334.1815255694619,0.0
937,static_rule,simple,B,0.95,1.0,712.270704046524,0.1,1,0,0.1,712.270704046524,0.0
938,static_rule,simple,B,0.95,1.0,689.8030131989545,0.1,1,0,0.1,689.8030131989545,0.0
939,static_rule,simple,B,0.95,1.0,786.0067080464129,0.1,1,0,0.1,786.0067080464129,0.0
940,static_rule,simple,B,0.95,1.0,738.2172435033236,0.1,1,0,0.1,738.2172435033236,0.0
941,static_rule,simple,B,0.95,1.0,686.5993480794691,0.1,1,0,0.1,686.5993480794691,0.0
942,static_rule,simple,B,0.95,1.0,749.0100645133101,0.1,1,0,0.1,749.0100645133101,0.0
943,static_rule,simple,B,0.95,1.0,809.6240609163848,0.1,0,0,0.1,809.6240609163848,0.0
944,static_rule,simple,B,0.95,1.0,768.4557704075804,0.1,0,0,0.1,768.4557704075804,0.0
945,static_rule,hard,A,0.95,0.527900119696771,1097.6136760320067,1.0,1,0,1.0,1097.6136760320067,0.0
946,static_rule,hard,A,0.95,0.7645521053331584,1320.8429851351304,1.0,1,0,1.0,1320.8429851351304,0.0
947,static_rule,simple,B,0.95,0.9814719999999999,656.8902779000472,0.1,1,0,0.1,656.8902779000472,0.0
948,static_rule,simple,B,0.95,1.0,708.9550964681163,0.1,1,0,0.1,708.9550964681163,0.0
949,static_rule,simple,B,0.95,1.0,674.891043607118,0.1,1,0,0.1,674.891043607118,0.0
950,static_rule,hard,A,0.95,0.7584983500465263,1327.2250189228955,1.0,1,0,1.0,1327.2250189228955,0.0
951,static_rule,simple,B,0.95,1.0,753.2791327689168,0.1,1,0,0.1,753.2791327689168,0.0
952,static_rule,hard,A,0.95,0.8873811222760299,1583.077780547468,1.0,1,0,1.0,1583.077780547468,0.0
953,static_rule,simple,B,0.95,1.0,564.4428737837623,0.1,1,0,0.1,564.4428737837623,0.0
954,static_rule,simple,B,0.95,1.0,818.7025926640542,0.1,1,0,0.1,818.7025926640542,0.0
955,static_rule,simple,B,0.95,1.0,682.859335553983,0.1,1,0,0.1,682.859335553983,0.0
956,static_rule,simple,B,0.95,1.0,748.452571500628,0.1,1,0,0.1,748.452571500628,0.0
957,static_rule,simple,B,0.95,1.0,648.2442685079395,0.1,1,0,0.1,648.2442685079395,0.0
958,static_rule,simple,B,0.95,1.0,728.8692553595992,0.1,1,0,0.1,728.8692553595992,0.0
959,static_rule,simple,B,0.95,1.0,805.4799425574704,0.1,0,0,0.1,805.4799425574704,0.0
960,static_rule,simple,B,0.95,1.0,732.5053040187071,0.1,1,0,0.1,732.5053040187071,0.0
961,static_rule,simple,B,0.95,1.0,722.1843079972233,0.1,1,0,0.1,722.1843079972233,0.0
962,static_rule,hard,A,0.95,0.5471365086461929,1329.5538814311353,1.0,1,0,1.0,1329.5538814311353,0.0
963,static_rule,hard,A,0.95,0.7814801276086498,1463.3614358541568,1.0,1,0,1.0,1463.3614358541568,0.0
964,static_rule,simple,B,0.95,0.9814719999999999,617.4364696476058,0.1,1,0,0.1,617.4364696476058,0.0
965,static_rule,simple,B,0.95,1.0,628.3931751509175,0.1,1,0,0.1,628.3931751509175,0.0
966,static_rule,simple,B,0.95,1.0,717.6657544070861,0.1,1,0,0.1,717.6657544070861,0.0
967,static_rule,simple,B,0.95,1.0,660.6395254034858,0.1,1,0,0.1,660.6395254034858,0.0
968,static_rule,simple,B,0.95,1.0,758.6703732375729,0.1,1,0,0.1,758.6703732375729,0.0
969,static_rule,simple,B,0.95,1.0,779.6007928541721,0.1,1,0,0.1,779.6007928541721,0.0
970,static_rule,simple,B,0.95,1.0,590.5303962724963,0.1,0,0,0.1,590.5303962724963,0.0
971,static_rule,simple,B,0.95,1.0,782.9342623924098,0.1,1,0,0.1,782.9342623924098,0.0
972,static_rule,simple,B,0.95,1.0,719.1245085396054,0.1,1,0,0.1,719.1245085396054,0.0
973,static_rule,simple,B,0.95,1.0,696.518740886151,0.1,1,0,0.1,696.518740886151,0.0
974,static_rule,simple,B,0.95,1.0,706.3096732104909,0.1,0,0,0.1,706.3096732104909,0.0
975,static_rule,simple,B,0.95,1.0,715.1798716516711,0.1,1,0,0.1,715.1798716516711,0.0
976,static_rule,simple,B,0.95,1.0,769.1144427918459,0.1,1,0,0.1,769.1144427918459,0.0
977,static_rule,simple,B,0.95,1.0,679.5841787754356,0.1,1,0,0.1,679.5841787754356,0.0
978,static_rule,simple,B,0.95,1.0,641.8644420090947,0.1,1,0,0.1,641.8644420090947,0.0
979,static_rule,hard,A,0.95,0.4010742885688756,1031.161119997877,1.0,1,0,1.0,1031.161119997877,0.0
980,static_rule,simple,B,0.95,1.0,639.4131574277554,0.1,0,0,0.1,639.4131574277554,0.0
981,static_rule,hard,A,0.95,0.6105919290677373,1107.512985772922,1.0,1,0,1.0,1107.512985772922,0.0
982,static_rule,hard,A,0.95,0.8373208975796087,1612.0019121961109,1.0,1,0,1.0,1612.0019121961109,0.0
983,static_rule,simple,B,0.95,0.9814719999999999,538.8185281990283,0.1,1,0,0.1,538.8185281990283,0.0
984,static_rule,simple,B,0.95,1.0,731.7646762299801,0.1,1,0,0.1,731.7646762299801,0.0
985,static_rule,simple,B,0.95,1.0,681.3167913775085,0.1,1,0,0.1,681.3167913775085,0.0
986,static_rule,simple,B,0.95,1.0,713.1626529784816,0.1,1,0,0.1,713.1626529784816,0.0
987,static_rule,simple,B,0.95,1.0,766.3371746103361,0.1,1,0,0.1,766.3371746103361,0.0
988,static_rule,simple,B,0.95,1.0,628.721340252592,0.1,1,0,0.1,628.721340252592,0.0
989,static_rule,simple,B,0.95,1.0,781.7616275500861,0.1,1,0,0.1,781.7616275500861,0.0
990,static_rule,simple,B,0.95,1.0,784.3588556543431,0.1,0,0,0.1,784.3588556543431,0.0
991,static_rule,simple,B,0.95,1.0,698.7491576547128,0.1,1,0,0.1,698.7491576547128,0.0
992,static_rule,simple,B,0.95,1.0,692.9197676481417,0.1,1,0,0.1,692.9197676481417,0.0
993,static_rule,hard,A,0.95,0.505211324743911,1066.7213572445376,1.0,1,0,1.0,1066.7213572445376,0.0
994,static_rule,simple,B,0.95,1.0,689.1619529920197,0.1,1,0,0.1,689.1619529920197,0.0
995,static_rule,hard,A,0.95,0.6912356498816846,1274.9927348373749,1.0,1,0,1.0,1274.9927348373749,0.0
996,static_rule,simple,B,0.95,1.0,702.2740750501246,0.1,1,0,0.1,702.2740750501246,0.0
997,static_rule,simple,B,0.95,1.0,703.1330579208827,0.1,0,0,0.1,703.1330579208827,0.0
998,static_rule,simple,B,0.95,1.0,620.7603590212997,0.1,1,0,0.1,620.7603590212997,0.0
999,static_rule,simple,B,0.95,1.0,666.0187014961691,0.1,0,0,0.1,666.0187014961691,0.0
