t,policy,task_difficulty,chosen_agent,match_score,load,latency_ms,call_cost,success,fallback_used,total_cost_this_task,total_latency_this_task,reward_used_for_update,error_type
0,sop_rule,easy,A,0.5,0.3,61.69295310974121,0.0,0,0,0.0,61.69295310974121,0.0,logic_error
1,sop_rule,easy,A,0.5,0.5640000000000001,69.13876533508301,0.0,0,0,0.0,69.13876533508301,0.0,logic_error
2,sop_rule,hard,D,0.95,0.3,58.36129188537598,0.0,0,0,0.0,58.36129188537598,0.0,logic_error
3,sop_rule,easy,A,0.5,0.7367616,66.90001487731934,0.0,0,0,0.0,66.90001487731934,0.0,logic_error
4,sop_rule,easy,A,0.5,0.9483502079999999,65.15908241271973,0.0,0,0,0.0,65.15908241271973,0.0,logic_error
5,sop_rule,hard,D,0.95,0.5044416,62.26396560668945,0.0,0,0,0.0,62.26396560668945,0.0,logic_error
6,sop_rule,hard,D,0.95,0.743908608,64.44406509399414,0.0,0,0,0.0,64.44406509399414,0.0,logic_error
7,sop_rule,hard,D,0.95,0.9546395750400001,63.29607963562012,0.0,0,0,0.0,63.29607963562012,0.0,logic_error
8,sop_rule,easy,A,0.5,0.8687212193926348,67.1999454498291,0.0,0,0,0.0,67.1999454498291,0.0,logic_error
9,sop_rule,easy,A,0.5,1.0,65.77515602111816,0.0,0,0,0.0,65.77515602111816,0.0,logic_error
10,sop_rule,easy,A,0.5,1.0,62.558889389038086,0.0,0,0,0.0,62.558889389038086,0.0,logic_error
11,sop_rule,hard,D,0.95,0.8724929236238599,61.42711639404297,0.0,0,0,0.0,61.42711639404297,0.0,logic_error
12,sop_rule,hard,D,0.95,1.0,71.50697708129883,0.0,0,0,0.0,71.50697708129883,0.0,logic_error
13,sop_rule,easy,A,0.5,0.9814719999999999,69.38910484313965,0.0,0,0,0.0,69.38910484313965,0.0,logic_error
14,sop_rule,easy,A,0.5,1.0,71.59805297851562,0.0,0,0,0.0,71.59805297851562,0.0,logic_error
15,sop_rule,hard,D,0.95,0.9814719999999999,69.72789764404297,0.0,0,0,0.0,69.72789764404297,0.0,logic_error
16,sop_rule,hard,D,0.95,1.0,66.21599197387695,0.0,0,0,0.0,66.21599197387695,0.0,logic_error
17,sop_rule,hard,D,0.95,1.0,71.26617431640625,0.0,0,0,0.0,71.26617431640625,0.0,logic_error
18,sop_rule,hard,D,0.95,1.0,72.08919525146484,0.0,0,0,0.0,72.08919525146484,0.0,logic_error
19,sop_rule,hard,D,0.95,1.0,73.59910011291504,0.0,0,0,0.0,73.59910011291504,0.0,logic_error
20,sop_rule,hard,D,0.95,1.0,60.08505821228027,0.0,0,0,0.0,60.08505821228027,0.0,logic_error
21,sop_rule,hard,D,0.95,1.0,68.87102127075195,0.0,0,0,0.0,68.87102127075195,0.0,logic_error
22,sop_rule,easy,A,0.5,0.6596345248055295,67.34800338745117,0.0,0,0,0.0,67.34800338745117,0.0,logic_error
23,sop_rule,easy,A,0.5,0.880478381828866,108.74581336975098,0.0,0,0,0.0,108.74581336975098,0.0,logic_error
24,sop_rule,easy,A,0.5,1.0,68.90201568603516,0.0,0,0,0.0,68.90201568603516,0.0,logic_error
25,sop_rule,easy,A,0.5,1.0,64.43333625793457,0.0,0,0,0.0,64.43333625793457,0.0,logic_error
26,sop_rule,easy,A,0.5,1.0,72.14999198913574,0.0,0,0,0.0,72.14999198913574,0.0,logic_error
27,sop_rule,easy,A,0.5,1.0,66.3139820098877,0.0,0,0,0.0,66.3139820098877,0.0,logic_error
28,sop_rule,easy,A,0.5,1.0,70.6779956817627,0.0,0,0,0.0,70.6779956817627,0.0,logic_error
29,sop_rule,easy,A,0.5,1.0,64.23711776733398,0.0,0,0,0.0,64.23711776733398,0.0,logic_error
30,sop_rule,easy,A,0.5,1.0,62.80875205993652,0.0,0,0,0.0,62.80875205993652,0.0,logic_error
31,sop_rule,easy,A,0.5,1.0,59.45181846618652,0.0,0,0,0.0,59.45181846618652,0.0,logic_error
32,sop_rule,hard,D,0.95,0.5450808588882738,71.07806205749512,0.0,0,0,0.0,71.07806205749512,0.0,logic_error
33,sop_rule,hard,D,0.95,0.7796711558216809,58.81023406982422,0.0,0,0,0.0,58.81023406982422,0.0,logic_error
34,sop_rule,hard,D,0.95,0.9861106171230791,67.49892234802246,0.0,0,0,0.0,67.49892234802246,0.0,logic_error
35,sop_rule,easy,A,0.5,0.8996953599999999,73.85492324829102,0.0,0,0,0.0,73.85492324829102,0.0,logic_error
36,sop_rule,easy,A,0.5,1.0,65.48929214477539,0.0,0,0,0.0,65.48929214477539,0.0,logic_error
37,sop_rule,hard,D,0.95,0.972006774472099,64.5742416381836,0.0,0,0,0.0,64.5742416381836,0.0,logic_error
38,sop_rule,easy,A,0.5,1.0,68.57085227966309,0.0,0,0,0.0,68.57085227966309,0.0,logic_error
39,sop_rule,easy,A,0.5,1.0,66.81513786315918,0.0,0,0,0.0,66.81513786315918,0.0,logic_error
40,sop_rule,hard,D,0.95,0.9623954006130504,69.95916366577148,0.0,0,0,0.0,69.95916366577148,0.0,logic_error
41,sop_rule,easy,A,0.5,1.0,66.95389747619629,0.0,0,0,0.0,66.95389747619629,0.0,logic_error
42,sop_rule,easy,A,0.5,1.0,55.84096908569336,0.0,0,0,0.0,55.84096908569336,0.0,logic_error
43,sop_rule,easy,A,0.5,1.0,67.1396255493164,0.0,0,0,0.0,67.1396255493164,0.0,logic_error
44,sop_rule,hard,D,0.95,0.8771440562329875,61.743736267089844,0.0,0,0,0.0,61.743736267089844,0.0,logic_error
45,sop_rule,hard,D,0.95,1.0,65.55604934692383,0.0,0,0,0.0,65.55604934692383,0.0,logic_error
46,sop_rule,easy,A,0.5,0.9814719999999999,62.31498718261719,0.0,0,0,0.0,62.31498718261719,0.0,logic_error
47,sop_rule,easy,A,0.5,1.0,70.3420639038086,0.0,0,0,0.0,70.3420639038086,0.0,logic_error
48,sop_rule,hard,D,0.95,0.9814719999999999,57.56998062133789,0.0,0,0,0.0,57.56998062133789,0.0,logic_error
49,sop_rule,hard,D,0.95,1.0,51.41091346740723,0.0,0,0,0.0,51.41091346740723,0.0,logic_error
50,sop_rule,easy,A,0.5,0.9814719999999999,55.68385124206543,0.0,0,0,0.0,55.68385124206543,0.0,logic_error
51,sop_rule,easy,A,0.5,1.0,57.540178298950195,0.0,0,0,0.0,57.540178298950195,0.0,logic_error
52,sop_rule,hard,D,0.95,0.9814719999999999,63.70997428894043,0.0,0,0,0.0,63.70997428894043,0.0,logic_error
53,sop_rule,easy,A,0.5,1.0,59.272050857543945,0.0,0,0,0.0,59.272050857543945,0.0,logic_error
54,sop_rule,hard,D,0.95,1.0,59.75079536437988,0.0,0,0,0.0,59.75079536437988,0.0,logic_error
55,sop_rule,easy,A,0.5,1.0,67.17061996459961,0.0,0,0,0.0,67.17061996459961,0.0,logic_error
56,sop_rule,hard,D,0.95,1.0,64.88609313964844,0.0,0,0,0.0,64.88609313964844,0.0,logic_error
57,sop_rule,easy,A,0.5,1.0,102.1566390991211,0.0,0,0,0.0,102.1566390991211,0.0,logic_error
58,sop_rule,easy,A,0.5,1.0,64.1777515411377,0.0,0,0,0.0,64.1777515411377,0.0,logic_error
59,sop_rule,hard,D,0.95,0.9814719999999999,72.58009910583496,0.0,0,0,0.0,72.58009910583496,0.0,logic_error
60,sop_rule,hard,D,0.95,1.0,84.31482315063477,0.0,0,0,0.0,84.31482315063477,0.0,logic_error
61,sop_rule,easy,A,0.5,0.9814719999999999,213.2730484008789,0.0,0,0,0.0,213.2730484008789,0.0,logic_error
62,sop_rule,hard,D,0.95,1.0,67.44980812072754,0.0,0,0,0.0,67.44980812072754,0.0,logic_error
63,sop_rule,easy,A,0.5,1.0,52.767038345336914,0.0,0,0,0.0,52.767038345336914,0.0,logic_error
64,sop_rule,easy,A,0.5,1.0,60.047149658203125,0.0,0,0,0.0,60.047149658203125,0.0,logic_error
65,sop_rule,hard,D,0.95,0.9814719999999999,57.59000778198242,0.0,0,0,0.0,57.59000778198242,0.0,logic_error
66,sop_rule,hard,D,0.95,1.0,63.25197219848633,0.0,0,0,0.0,63.25197219848633,0.0,logic_error
67,sop_rule,easy,A,0.5,0.9814719999999999,53.23219299316406,0.0,0,0,0.0,53.23219299316406,0.0,logic_error
68,sop_rule,easy,A,0.5,1.0,61.448097229003906,0.0,0,0,0.0,61.448097229003906,0.0,logic_error
69,sop_rule,easy,A,0.5,1.0,59.22269821166992,0.0,0,0,0.0,59.22269821166992,0.0,logic_error
70,sop_rule,hard,D,0.95,0.8996953599999999,59.1740608215332,0.0,0,0,0.0,59.1740608215332,0.0,logic_error
71,sop_rule,hard,D,0.95,1.0,58.811187744140625,0.0,0,0,0.0,58.811187744140625,0.0,logic_error
72,sop_rule,hard,D,0.95,1.0,55.70101737976074,0.0,0,0,0.0,55.70101737976074,0.0,logic_error
73,sop_rule,hard,D,0.95,1.0,59.26799774169922,0.0,0,0,0.0,59.26799774169922,0.0,logic_error
74,sop_rule,hard,D,0.95,1.0,62.54172325134277,0.0,0,0,0.0,62.54172325134277,0.0,logic_error
75,sop_rule,easy,A,0.5,0.764404086784,55.70411682128906,0.0,0,0,0.0,55.70411682128906,0.0,logic_error
76,sop_rule,easy,A,0.5,0.9726755963699198,53.17401885986328,0.0,0,0,0.0,53.17401885986328,0.0,logic_error
77,sop_rule,hard,D,0.95,0.9814719999999999,69.86808776855469,0.0,0,0,0.0,69.86808776855469,0.0,logic_error
78,sop_rule,hard,D,0.95,1.0,52.3371696472168,0.0,0,0,0.0,52.3371696472168,0.0,logic_error
79,sop_rule,hard,D,0.95,1.0,53.27415466308594,0.0,0,0,0.0,53.27415466308594,0.0,logic_error
80,sop_rule,easy,A,0.5,0.8833090419282739,62.0877742767334,0.0,0,0,0.0,62.0877742767334,0.0,logic_error
81,sop_rule,hard,D,0.95,1.0,60.32109260559082,0.0,0,0,0.0,60.32109260559082,0.0,logic_error
82,sop_rule,hard,D,0.95,1.0,63.124895095825195,0.0,0,0,0.0,63.124895095825195,0.0,logic_error
83,sop_rule,easy,A,0.5,0.9019503794209447,57.569026947021484,0.0,0,0,0.0,57.569026947021484,0.0,logic_error
84,sop_rule,easy,A,0.5,1.0,74.80192184448242,0.0,0,0,0.0,74.80192184448242,0.0,logic_error
85,sop_rule,easy,A,0.5,1.0,74.72991943359375,0.0,0,0,0.0,74.72991943359375,0.0,logic_error
86,sop_rule,easy,A,0.5,1.0,76.85613632202148,0.0,0,0,0.0,76.85613632202148,0.0,logic_error
87,sop_rule,easy,A,0.5,1.0,65.23585319519043,0.0,0,0,0.0,65.23585319519043,0.0,logic_error
88,sop_rule,hard,D,0.95,0.764404086784,62.908172607421875,0.0,0,0,0.0,62.908172607421875,0.0,logic_error
89,sop_rule,easy,A,0.5,1.0,62.3011589050293,0.0,0,0,0.0,62.3011589050293,0.0,logic_error
90,sop_rule,easy,A,0.5,1.0,62.13712692260742,0.0,0,0,0.0,62.13712692260742,0.0,logic_error
91,sop_rule,hard,D,0.95,0.8209199818288659,55.83596229553223,0.0,0,0,0.0,55.83596229553223,0.0,logic_error
92,sop_rule,hard,D,0.95,1.0,71.81072235107422,0.0,0,0,0.0,71.81072235107422,0.0,logic_error
93,sop_rule,easy,A,0.5,0.9814719999999999,69.3962574005127,0.0,0,0,0.0,69.3962574005127,0.0,logic_error
94,sop_rule,easy,A,0.5,1.0,66.27798080444336,0.0,0,0,0.0,66.27798080444336,0.0,logic_error
95,sop_rule,easy,A,0.5,1.0,62.999725341796875,0.0,0,0,0.0,62.999725341796875,0.0,logic_error
96,sop_rule,hard,D,0.95,0.8996953599999999,61.05613708496094,0.0,0,0,0.0,61.05613708496094,0.0,logic_error
97,sop_rule,hard,D,0.95,1.0,85.19721031188965,0.0,0,0,0.0,85.19721031188965,0.0,logic_error
98,sop_rule,easy,A,0.5,0.9814719999999999,66.31660461425781,0.0,0,0,0.0,66.31660461425781,0.0,logic_error
99,sop_rule,easy,A,0.5,1.0,69.31185722351074,0.0,0,0,0.0,69.31185722351074,0.0,logic_error
