phase,task_id,node_id,subtask_count,acc,ok,cum_acc
cold_start,medical_qa_107,agent-openrouter-x-ai-grok-4-1-fast-001,0,1,1,1.0
cold_start,medical_qa_548,agent-openrouter-x-ai-grok-4-1-fast-002,0,1,1,1.0
cold_start,medical_qa_178,agent-openrouter-x-ai-grok-4-1-fast-003,0,1,1,1.0
cold_start,medical_qa_834,agent-openrouter-x-ai-grok-4-1-fast-004,0,1,1,1.0
cold_start,medical_qa_545,agent-openrouter-x-ai-grok-4-1-fast-005,0,1,1,1.0
cold_start,medical_qa_220,agent-openrouter-x-ai-grok-4-1-fast-001,0,1,1,1.0
cold_start,medical_qa_78,agent-openrouter-x-ai-grok-4-1-fast-002,0,1,1,1.0
cold_start,medical_qa_776,agent-openrouter-x-ai-grok-4-1-fast-003,0,1,1,1.0
cold_start,medical_qa_1098,agent-openrouter-x-ai-grok-4-1-fast-004,0,1,1,1.0
cold_start,medical_qa_1151,agent-openrouter-x-ai-grok-4-1-fast-005,0,1,1,1.0
cold_start,medical_qa_680,agent-openrouter-x-ai-grok-4-1-fast-001,0,1,1,1.0
cold_start,medical_qa_697,agent-openrouter-x-ai-grok-4-1-fast-002,0,1,1,1.0
cold_start,medical_qa_106,agent-openrouter-x-ai-grok-4-1-fast-003,0,1,1,1.0
cold_start,medical_qa_326,agent-openrouter-x-ai-grok-4-1-fast-004,0,1,1,1.0
cold_start,medical_qa_276,agent-openrouter-x-ai-grok-4-1-fast-005,0,1,1,1.0
cold_start,medical_qa_690,agent-openrouter-x-ai-grok-4-1-fast-001,0,1,1,1.0
cold_start,medical_qa_1148,agent-openrouter-x-ai-grok-4-1-fast-002,0,1,1,1.0
cold_start,medical_qa_683,agent-openrouter-x-ai-grok-4-1-fast-003,0,1,1,1.0
cold_start,medical_qa_502,agent-openrouter-x-ai-grok-4-1-fast-004,0,1,1,1.0
cold_start,medical_qa_335,agent-openrouter-x-ai-grok-4-1-fast-005,0,1,1,1.0
cold_start,medical_qa_3,agent-openrouter-x-ai-grok-4-1-fast-001,0,1,1,1.0
cold_start,medical_qa_893,agent-openrouter-x-ai-grok-4-1-fast-002,0,1,1,1.0
cold_start,medical_qa_179,agent-openrouter-x-ai-grok-4-1-fast-003,0,1,1,1.0
cold_start,medical_qa_1223,agent-openrouter-x-ai-grok-4-1-fast-004,0,1,1,1.0
cold_start,medical_qa_773,agent-openrouter-x-ai-grok-4-1-fast-005,0,1,1,1.0
cold_start,medical_qa_143,agent-openrouter-x-ai-grok-4-1-fast-001,0,1,1,1.0
cold_start,medical_qa_13,agent-openrouter-x-ai-grok-4-1-fast-002,0,1,1,1.0
cold_start,medical_qa_646,agent-openrouter-x-ai-grok-4-1-fast-003,0,1,1,1.0
cold_start,medical_qa_918,agent-openrouter-x-ai-grok-4-1-fast-004,0,1,1,1.0
cold_start,medical_qa_208,agent-openrouter-x-ai-grok-4-1-fast-005,0,1,1,1.0
cold_start,medical_qa_89,agent-openrouter-x-ai-grok-4-1-fast-001,0,1,1,1.0
cold_start,medical_qa_189,agent-openrouter-x-ai-grok-4-1-fast-002,0,1,1,1.0
cold_start,medical_qa_291,agent-openrouter-x-ai-grok-4-1-fast-003,0,1,1,1.0
cold_start,medical_qa_258,agent-openrouter-x-ai-grok-4-1-fast-004,0,1,1,1.0
cold_start,medical_qa_43,agent-openrouter-x-ai-grok-4-1-fast-005,0,1,1,1.0
cold_start,medical_qa_597,agent-openrouter-x-ai-grok-4-1-fast-001,0,1,1,1.0
cold_start,medical_qa_881,agent-openrouter-x-ai-grok-4-1-fast-002,0,1,1,1.0
cold_start,medical_qa_1174,agent-openrouter-x-ai-grok-4-1-fast-003,0,1,1,1.0
cold_start,medical_qa_976,agent-openrouter-x-ai-grok-4-1-fast-004,0,1,1,1.0
cold_start,medical_qa_543,agent-openrouter-x-ai-grok-4-1-fast-005,0,1,1,1.0
cold_start,medical_qa_961,agent-openrouter-x-ai-grok-4-1-fast-001,0,0,1,0.975609756097561
cold_start,medical_qa_75,agent-openrouter-x-ai-grok-4-1-fast-002,0,1,1,0.9761904761904762
cold_start,medical_qa_624,agent-openrouter-x-ai-grok-4-1-fast-003,0,1,1,0.9767441860465116
cold_start,medical_qa_703,agent-openrouter-x-ai-grok-4-1-fast-004,0,1,1,0.9772727272727273
cold_start,medical_qa_1068,agent-openrouter-x-ai-grok-4-1-fast-005,0,1,1,0.9777777777777777
cold_start,medical_qa_989,agent-openrouter-x-ai-grok-4-1-fast-001,0,0,1,0.9565217391304348
cold_start,medical_qa_423,agent-openrouter-x-ai-grok-4-1-fast-002,0,0,1,0.9361702127659575
cold_start,medical_qa_1079,agent-openrouter-x-ai-grok-4-1-fast-003,0,1,1,0.9375
cold_start,medical_qa_1156,agent-openrouter-x-ai-grok-4-1-fast-004,0,1,1,0.9387755102040817
cold_start,medical_qa_645,agent-openrouter-x-ai-grok-4-1-fast-005,0,1,1,0.94
cold_start,medical_qa_25,agent-openrouter-x-ai-grok-4-1-fast-001,0,1,1,0.9411764705882353
cold_start,medical_qa_815,agent-openrouter-x-ai-grok-4-1-fast-002,0,1,1,0.9423076923076923
cold_start,medical_qa_1050,agent-openrouter-x-ai-grok-4-1-fast-003,0,1,1,0.9433962264150944
cold_start,medical_qa_889,agent-openrouter-x-ai-grok-4-1-fast-004,0,1,1,0.9444444444444444
cold_start,medical_qa_1102,agent-openrouter-x-ai-grok-4-1-fast-005,0,1,1,0.9454545454545454
cold_start,medical_qa_995,agent-openrouter-x-ai-grok-4-1-fast-001,0,1,1,0.9464285714285714
cold_start,medical_qa_1066,agent-openrouter-x-ai-grok-4-1-fast-002,0,1,1,0.9473684210526315
cold_start,medical_qa_859,agent-openrouter-x-ai-grok-4-1-fast-003,0,1,1,0.9482758620689655
cold_start,medical_qa_767,agent-openrouter-x-ai-grok-4-1-fast-004,0,1,1,0.9491525423728814
cold_start,medical_qa_1044,agent-openrouter-x-ai-grok-4-1-fast-005,0,1,1,0.95
cold_start,medical_qa_65,agent-openrouter-x-ai-grok-4-1-fast-001,0,1,1,0.9508196721311475
cold_start,medical_qa_371,agent-openrouter-x-ai-grok-4-1-fast-002,0,1,1,0.9516129032258065
cold_start,medical_qa_169,agent-openrouter-x-ai-grok-4-1-fast-003,0,1,1,0.9523809523809523
cold_start,medical_qa_997,agent-openrouter-x-ai-grok-4-1-fast-004,0,1,1,0.953125
cold_start,medical_qa_536,agent-openrouter-x-ai-grok-4-1-fast-005,0,1,1,0.9538461538461539
cold_start,medical_qa_348,agent-openrouter-x-ai-grok-4-1-fast-001,0,1,1,0.9545454545454546
cold_start,medical_qa_685,agent-openrouter-x-ai-grok-4-1-fast-002,0,1,1,0.9552238805970149
cold_start,medical_qa_1257,agent-openrouter-x-ai-grok-4-1-fast-003,0,1,1,0.9558823529411765
cold_start,medical_qa_1135,agent-openrouter-x-ai-grok-4-1-fast-004,0,0,1,0.9420289855072463
cold_start,medical_qa_801,agent-openrouter-x-ai-grok-4-1-fast-005,0,1,1,0.9428571428571428
cold_start,medical_qa_150,agent-openrouter-x-ai-grok-4-1-fast-001,0,1,1,0.9436619718309859
cold_start,medical_qa_935,agent-openrouter-x-ai-grok-4-1-fast-002,0,1,1,0.9444444444444444
cold_start,medical_qa_793,agent-openrouter-x-ai-grok-4-1-fast-003,0,1,1,0.9452054794520548
cold_start,medical_qa_1173,agent-openrouter-x-ai-grok-4-1-fast-004,0,1,1,0.9459459459459459
cold_start,medical_qa_688,agent-openrouter-x-ai-grok-4-1-fast-005,0,1,1,0.9466666666666667
cold_start,medical_qa_33,agent-openrouter-x-ai-grok-4-1-fast-001,0,1,1,0.9473684210526315
cold_start,medical_qa_387,agent-openrouter-x-ai-grok-4-1-fast-002,0,1,1,0.948051948051948
cold_start,medical_qa_180,agent-openrouter-x-ai-grok-4-1-fast-003,0,1,1,0.9487179487179487
cold_start,medical_qa_744,agent-openrouter-x-ai-grok-4-1-fast-004,0,1,1,0.9493670886075949
cold_start,medical_qa_26,agent-openrouter-x-ai-grok-4-1-fast-005,0,1,1,0.95
cold_start,medical_qa_720,agent-openrouter-x-ai-grok-4-1-fast-001,0,1,1,0.9506172839506173
cold_start,medical_qa_469,agent-openrouter-x-ai-grok-4-1-fast-002,0,1,1,0.9512195121951219
cold_start,medical_qa_830,agent-openrouter-x-ai-grok-4-1-fast-003,0,1,1,0.9518072289156626
cold_start,medical_qa_1089,agent-openrouter-x-ai-grok-4-1-fast-004,0,1,1,0.9523809523809523
cold_start,medical_qa_1026,agent-openrouter-x-ai-grok-4-1-fast-005,0,1,1,0.9529411764705882
cold_start,medical_qa_122,agent-openrouter-x-ai-grok-4-1-fast-001,0,1,1,0.9534883720930233
cold_start,medical_qa_589,agent-openrouter-x-ai-grok-4-1-fast-002,0,1,1,0.9540229885057471
cold_start,medical_qa_1013,agent-openrouter-x-ai-grok-4-1-fast-003,0,1,1,0.9545454545454546
cold_start,medical_qa_477,agent-openrouter-x-ai-grok-4-1-fast-004,0,1,1,0.9550561797752809
cold_start,medical_qa_1114,agent-openrouter-x-ai-grok-4-1-fast-005,0,1,1,0.9555555555555556
cold_start,medical_qa_990,agent-openrouter-x-ai-grok-4-1-fast-001,0,1,1,0.9560439560439561
cold_start,medical_qa_363,agent-openrouter-x-ai-grok-4-1-fast-002,0,1,1,0.9565217391304348
cold_start,medical_qa_314,agent-openrouter-x-ai-grok-4-1-fast-003,0,1,1,0.956989247311828
cold_start,medical_qa_1264,agent-openrouter-x-ai-grok-4-1-fast-004,0,1,1,0.9574468085106383
cold_start,medical_qa_910,agent-openrouter-x-ai-grok-4-1-fast-005,0,1,1,0.9578947368421052
cold_start,medical_qa_775,agent-openrouter-x-ai-grok-4-1-fast-001,0,1,1,0.9583333333333334
cold_start,medical_qa_944,agent-openrouter-x-ai-grok-4-1-fast-002,0,0,1,0.9484536082474226
cold_start,medical_qa_90,agent-openrouter-x-ai-grok-4-1-fast-003,0,1,1,0.9489795918367347
cold_start,medical_qa_20,agent-openrouter-x-ai-grok-4-1-fast-004,0,1,1,0.9494949494949495
cold_start,medical_qa_275,agent-openrouter-x-ai-grok-4-1-fast-005,0,1,1,0.95
cold_start,medical_qa_934,agent-openrouter-x-ai-grok-4-1-fast-001,0,1,1,0.9504950495049505
cold_start,medical_qa_395,agent-openrouter-x-ai-grok-4-1-fast-002,0,1,1,0.9509803921568627
cold_start,medical_qa_1238,agent-openrouter-x-ai-grok-4-1-fast-003,0,1,1,0.9514563106796117
cold_start,medical_qa_525,agent-openrouter-x-ai-grok-4-1-fast-004,0,1,1,0.9519230769230769
cold_start,medical_qa_1192,agent-openrouter-x-ai-grok-4-1-fast-005,0,1,1,0.9523809523809523
cold_start,medical_qa_556,agent-openrouter-x-ai-grok-4-1-fast-001,0,1,1,0.9528301886792453
cold_start,medical_qa_1219,agent-openrouter-x-ai-grok-4-1-fast-002,0,1,1,0.9532710280373832
cold_start,medical_qa_860,agent-openrouter-x-ai-grok-4-1-fast-003,0,1,1,0.9537037037037037
cold_start,medical_qa_0,agent-openrouter-x-ai-grok-4-1-fast-004,0,0,1,0.944954128440367
cold_start,medical_qa_222,agent-openrouter-x-ai-grok-4-1-fast-005,0,1,1,0.9454545454545454
cold_start,medical_qa_128,agent-openrouter-x-ai-grok-4-1-fast-001,0,0,1,0.9369369369369369
cold_start,medical_qa_1045,agent-openrouter-x-ai-grok-4-1-fast-002,0,1,1,0.9375
cold_start,medical_qa_727,agent-openrouter-x-ai-grok-4-1-fast-003,0,1,1,0.9380530973451328
cold_start,medical_qa_181,agent-openrouter-x-ai-grok-4-1-fast-004,0,1,1,0.9385964912280702
cold_start,medical_qa_1210,agent-openrouter-x-ai-grok-4-1-fast-005,0,1,1,0.9391304347826087
cold_start,medical_qa_887,agent-openrouter-x-ai-grok-4-1-fast-001,0,0,1,0.9310344827586207
cold_start,medical_qa_17,agent-openrouter-x-ai-grok-4-1-fast-002,0,1,1,0.9316239316239316
cold_start,medical_qa_1097,agent-openrouter-x-ai-grok-4-1-fast-003,0,1,1,0.9322033898305084
cold_start,medical_qa_1248,agent-openrouter-x-ai-grok-4-1-fast-004,0,1,1,0.9327731092436975
cold_start,medical_qa_1202,agent-openrouter-x-ai-grok-4-1-fast-005,0,1,1,0.9333333333333333
cold_start,medical_qa_1119,agent-openrouter-x-ai-grok-4-1-fast-001,0,1,1,0.9338842975206612
cold_start,medical_qa_827,agent-openrouter-x-ai-grok-4-1-fast-002,0,1,1,0.9344262295081968
cold_start,medical_qa_59,agent-openrouter-x-ai-grok-4-1-fast-003,0,0,1,0.926829268292683
cold_start,medical_qa_660,agent-openrouter-x-ai-grok-4-1-fast-004,0,1,1,0.9274193548387096
cold_start,medical_qa_537,agent-openrouter-x-ai-grok-4-1-fast-005,0,1,1,0.928
cold_start,medical_qa_967,agent-openrouter-x-ai-grok-4-1-fast-001,0,1,1,0.9285714285714286
cold_start,medical_qa_67,agent-openrouter-x-ai-grok-4-1-fast-002,0,1,1,0.9291338582677166
cold_start,medical_qa_1206,agent-openrouter-x-ai-grok-4-1-fast-003,0,1,1,0.9296875
cold_start,medical_qa_848,agent-openrouter-x-ai-grok-4-1-fast-004,0,1,1,0.9302325581395349
cold_start,medical_qa_713,agent-openrouter-x-ai-grok-4-1-fast-005,0,1,1,0.9307692307692308
cold_start,medical_qa_48,agent-openrouter-x-ai-grok-4-1-fast-001,0,1,1,0.9312977099236641
cold_start,medical_qa_1253,agent-openrouter-x-ai-grok-4-1-fast-002,0,1,1,0.9318181818181818
cold_start,medical_qa_858,agent-openrouter-x-ai-grok-4-1-fast-003,0,1,1,0.9323308270676691
cold_start,medical_qa_131,agent-openrouter-x-ai-grok-4-1-fast-004,0,1,1,0.9328358208955224
cold_start,medical_qa_294,agent-openrouter-x-ai-grok-4-1-fast-005,0,1,1,0.9333333333333333
cold_start,medical_qa_762,agent-openrouter-x-ai-grok-4-1-fast-001,0,1,1,0.9338235294117647
cold_start,medical_qa_481,agent-openrouter-x-ai-grok-4-1-fast-002,0,1,1,0.9343065693430657
cold_start,medical_qa_160,agent-openrouter-x-ai-grok-4-1-fast-003,0,0,1,0.927536231884058
cold_start,medical_qa_117,agent-openrouter-x-ai-grok-4-1-fast-004,0,1,1,0.9280575539568345
cold_start,medical_qa_1062,agent-openrouter-x-ai-grok-4-1-fast-005,0,1,1,0.9285714285714286
cold_start,medical_qa_1200,agent-openrouter-x-ai-grok-4-1-fast-001,0,1,1,0.9290780141843972
cold_start,medical_qa_1100,agent-openrouter-x-ai-grok-4-1-fast-002,0,1,1,0.9295774647887324
cold_start,medical_qa_627,agent-openrouter-x-ai-grok-4-1-fast-003,0,1,1,0.9300699300699301
cold_start,medical_qa_299,agent-openrouter-x-ai-grok-4-1-fast-004,0,1,1,0.9305555555555556
cold_start,medical_qa_596,agent-openrouter-x-ai-grok-4-1-fast-005,0,1,1,0.9310344827586207
cold_start,medical_qa_797,agent-openrouter-x-ai-grok-4-1-fast-001,0,1,1,0.9315068493150684
cold_start,medical_qa_754,agent-openrouter-x-ai-grok-4-1-fast-002,0,1,1,0.9319727891156463
cold_start,medical_qa_259,agent-openrouter-x-ai-grok-4-1-fast-003,0,1,1,0.9324324324324325
cold_start,medical_qa_1095,agent-openrouter-x-ai-grok-4-1-fast-004,0,1,1,0.9328859060402684
cold_start,medical_qa_691,agent-openrouter-x-ai-grok-4-1-fast-005,0,1,1,0.9333333333333333
cold_start,medical_qa_1059,agent-openrouter-x-ai-grok-4-1-fast-001,0,1,1,0.9337748344370861
cold_start,medical_qa_244,agent-openrouter-x-ai-grok-4-1-fast-002,0,0,1,0.9276315789473685
cold_start,medical_qa_341,agent-openrouter-x-ai-grok-4-1-fast-003,0,1,1,0.9281045751633987
cold_start,medical_qa_791,agent-openrouter-x-ai-grok-4-1-fast-004,0,1,1,0.9285714285714286
cold_start,medical_qa_885,agent-openrouter-x-ai-grok-4-1-fast-005,0,1,1,0.9290322580645162
cold_start,medical_qa_127,agent-openrouter-x-ai-grok-4-1-fast-001,0,1,1,0.9294871794871795
cold_start,medical_qa_278,agent-openrouter-x-ai-grok-4-1-fast-002,0,1,1,0.9299363057324841
cold_start,medical_qa_931,agent-openrouter-x-ai-grok-4-1-fast-003,0,0,1,0.9240506329113924
cold_start,medical_qa_42,agent-openrouter-x-ai-grok-4-1-fast-004,0,1,1,0.9245283018867925
cold_start,medical_qa_715,agent-openrouter-x-ai-grok-4-1-fast-005,0,1,1,0.925
cold_start,medical_qa_921,agent-openrouter-x-ai-grok-4-1-fast-001,0,1,1,0.9254658385093167
cold_start,medical_qa_923,agent-openrouter-x-ai-grok-4-1-fast-002,0,1,1,0.9259259259259259
cold_start,medical_qa_622,agent-openrouter-x-ai-grok-4-1-fast-003,0,1,1,0.9263803680981595
cold_start,medical_qa_878,agent-openrouter-x-ai-grok-4-1-fast-004,0,1,1,0.926829268292683
cold_start,medical_qa_57,agent-openrouter-x-ai-grok-4-1-fast-005,0,1,1,0.9272727272727272
cold_start,medical_qa_324,agent-openrouter-x-ai-grok-4-1-fast-001,0,1,1,0.927710843373494
cold_start,medical_qa_1228,agent-openrouter-x-ai-grok-4-1-fast-002,0,1,1,0.9281437125748503
cold_start,medical_qa_665,agent-openrouter-x-ai-grok-4-1-fast-003,0,0,1,0.9226190476190477
cold_start,medical_qa_1058,agent-openrouter-x-ai-grok-4-1-fast-004,0,1,1,0.9230769230769231
cold_start,medical_qa_1054,agent-openrouter-x-ai-grok-4-1-fast-005,0,0,1,0.9176470588235294
cold_start,medical_qa_281,agent-openrouter-x-ai-grok-4-1-fast-001,0,1,1,0.9181286549707602
cold_start,medical_qa_1229,agent-openrouter-x-ai-grok-4-1-fast-002,0,0,1,0.9127906976744186
cold_start,medical_qa_1024,agent-openrouter-x-ai-grok-4-1-fast-003,0,1,1,0.9132947976878613
cold_start,medical_qa_214,agent-openrouter-x-ai-grok-4-1-fast-004,0,1,1,0.9137931034482759
cold_start,medical_qa_755,agent-openrouter-x-ai-grok-4-1-fast-005,0,1,1,0.9142857142857143
cold_start,medical_qa_460,agent-openrouter-x-ai-grok-4-1-fast-001,0,1,1,0.9147727272727273
cold_start,medical_qa_696,agent-openrouter-x-ai-grok-4-1-fast-002,0,1,1,0.9152542372881356
cold_start,medical_qa_190,agent-openrouter-x-ai-grok-4-1-fast-003,0,1,1,0.9157303370786517
cold_start,medical_qa_1167,agent-openrouter-x-ai-grok-4-1-fast-004,0,0,1,0.9106145251396648
cold_start,medical_qa_1036,agent-openrouter-x-ai-grok-4-1-fast-005,0,1,1,0.9111111111111111
cold_start,medical_qa_498,agent-openrouter-x-ai-grok-4-1-fast-001,0,1,1,0.9116022099447514
cold_start,medical_qa_416,agent-openrouter-x-ai-grok-4-1-fast-002,0,1,1,0.9120879120879121
cold_start,medical_qa_659,agent-openrouter-x-ai-grok-4-1-fast-003,0,0,1,0.907103825136612
cold_start,medical_qa_541,agent-openrouter-x-ai-grok-4-1-fast-004,0,1,1,0.907608695652174
cold_start,medical_qa_1221,agent-openrouter-x-ai-grok-4-1-fast-005,0,1,1,0.9081081081081082
cold_start,medical_qa_88,agent-openrouter-x-ai-grok-4-1-fast-001,0,0,1,0.9032258064516129
cold_start,medical_qa_1025,agent-openrouter-x-ai-grok-4-1-fast-002,0,1,1,0.9037433155080213
cold_start,medical_qa_164,agent-openrouter-x-ai-grok-4-1-fast-003,0,1,1,0.9042553191489362
cold_start,medical_qa_403,agent-openrouter-x-ai-grok-4-1-fast-004,0,1,1,0.9047619047619048
cold_start,medical_qa_1034,agent-openrouter-x-ai-grok-4-1-fast-005,0,1,1,0.9052631578947369
cold_start,medical_qa_408,agent-openrouter-x-ai-grok-4-1-fast-001,0,1,1,0.9057591623036649
cold_start,medical_qa_35,agent-openrouter-x-ai-grok-4-1-fast-002,0,1,1,0.90625
cold_start,medical_qa_397,agent-openrouter-x-ai-grok-4-1-fast-003,0,1,1,0.9067357512953368
cold_start,medical_qa_549,agent-openrouter-x-ai-grok-4-1-fast-004,0,1,1,0.9072164948453608
cold_start,medical_qa_472,agent-openrouter-x-ai-grok-4-1-fast-005,0,1,1,0.9076923076923077
cold_start,medical_qa_174,agent-openrouter-x-ai-grok-4-1-fast-001,0,1,1,0.9081632653061225
cold_start,medical_qa_649,agent-openrouter-x-ai-grok-4-1-fast-002,0,1,1,0.9086294416243654
cold_start,medical_qa_171,agent-openrouter-x-ai-grok-4-1-fast-003,0,1,1,0.9090909090909091
cold_start,medical_qa_698,agent-openrouter-x-ai-grok-4-1-fast-004,0,1,1,0.9095477386934674
cold_start,medical_qa_273,agent-openrouter-x-ai-grok-4-1-fast-005,0,1,1,0.91
pretrain,medical_qa_277,agent-openrouter-x-ai-grok-4-1-fast-003,3,1,1,1.0
pretrain,medical_qa_991,agent-openrouter-x-ai-grok-4-1-fast-004,3,1,1,1.0
pretrain,medical_qa_1008,agent-openrouter-x-ai-grok-4-1-fast-004,5,1,1,1.0
pretrain,medical_qa_1088,agent-openrouter-x-ai-grok-4-1-fast-001,3,1,1,1.0
pretrain,medical_qa_1108,agent-openrouter-x-ai-grok-4-1-fast-001,4,1,1,1.0
pretrain,medical_qa_526,agent-openrouter-x-ai-grok-4-1-fast-003,6,1,1,1.0
pretrain,medical_qa_1217,agent-openrouter-x-ai-grok-4-1-fast-003,6,0,1,0.8571428571428571
pretrain,medical_qa_1261,agent-openrouter-x-ai-grok-4-1-fast-002,6,0,1,0.75
pretrain,medical_qa_810,agent-openrouter-x-ai-grok-4-1-fast-003,3,1,1,0.7777777777777778
pretrain,medical_qa_459,agent-openrouter-x-ai-grok-4-1-fast-001,7,0,1,0.7
pretrain,medical_qa_1188,agent-openrouter-x-ai-grok-4-1-fast-003,3,1,1,0.7272727272727273
pretrain,medical_qa_1239,agent-openrouter-x-ai-grok-4-1-fast-002,5,0,1,0.6666666666666666
pretrain,medical_qa_12,agent-openrouter-x-ai-grok-4-1-fast-003,5,0,1,0.6153846153846154
pretrain,medical_qa_1012,agent-openrouter-x-ai-grok-4-1-fast-005,3,0,1,0.5714285714285714
pretrain,medical_qa_1101,agent-openrouter-x-ai-grok-4-1-fast-003,3,1,1,0.6
pretrain,medical_qa_250,agent-openrouter-x-ai-grok-4-1-fast-003,5,0,1,0.5625
pretrain,medical_qa_1272,agent-openrouter-x-ai-grok-4-1-fast-002,3,1,1,0.5882352941176471
pretrain,medical_qa_738,agent-openrouter-x-ai-grok-4-1-fast-002,3,1,1,0.6111111111111112
pretrain,medical_qa_943,agent-openrouter-x-ai-grok-4-1-fast-002,5,0,1,0.5789473684210527
pretrain,medical_qa_741,agent-openrouter-x-ai-grok-4-1-fast-001,3,1,1,0.6
pretrain,medical_qa_861,agent-openrouter-x-ai-grok-4-1-fast-003,3,1,1,0.6190476190476191
pretrain,medical_qa_1245,agent-openrouter-x-ai-grok-4-1-fast-002,7,0,1,0.5909090909090909
pretrain,medical_qa_734,agent-openrouter-x-ai-grok-4-1-fast-004,6,0,1,0.5652173913043478
pretrain,medical_qa_443,agent-openrouter-x-ai-grok-4-1-fast-004,3,1,1,0.5833333333333334
pretrain,medical_qa_919,agent-openrouter-x-ai-grok-4-1-fast-002,6,1,1,0.6
pretrain,medical_qa_702,agent-openrouter-x-ai-grok-4-1-fast-003,3,1,1,0.6153846153846154
pretrain,medical_qa_394,agent-openrouter-x-ai-grok-4-1-fast-002,4,1,1,0.6296296296296297
pretrain,medical_qa_370,agent-openrouter-x-ai-grok-4-1-fast-002,4,1,1,0.6428571428571429
pretrain,medical_qa_783,agent-openrouter-x-ai-grok-4-1-fast-004,4,0,1,0.6206896551724138
pretrain,medical_qa_1117,agent-openrouter-x-ai-grok-4-1-fast-005,5,0,1,0.6
pretrain,medical_qa_849,agent-openrouter-x-ai-grok-4-1-fast-002,3,1,1,0.6129032258064516
pretrain,medical_qa_768,agent-openrouter-x-ai-grok-4-1-fast-003,3,1,1,0.625
pretrain,medical_qa_1131,agent-openrouter-x-ai-grok-4-1-fast-003,3,1,1,0.6363636363636364
pretrain,medical_qa_1233,agent-openrouter-x-ai-grok-4-1-fast-005,5,1,1,0.6470588235294118
pretrain,medical_qa_358,agent-openrouter-x-ai-grok-4-1-fast-003,3,1,1,0.6571428571428571
pretrain,medical_qa_770,agent-openrouter-x-ai-grok-4-1-fast-002,4,1,1,0.6666666666666666
pretrain,medical_qa_1126,agent-openrouter-x-ai-grok-4-1-fast-003,3,1,1,0.6756756756756757
pretrain,medical_qa_141,agent-openrouter-x-ai-grok-4-1-fast-002,3,1,1,0.6842105263157895
pretrain,medical_qa_606,agent-openrouter-x-ai-grok-4-1-fast-001,3,1,1,0.6923076923076923
pretrain,medical_qa_1057,agent-openrouter-x-ai-grok-4-1-fast-003,3,1,1,0.7
pretrain,medical_qa_1039,agent-openrouter-x-ai-grok-4-1-fast-004,5,0,1,0.6829268292682927
pretrain,medical_qa_1029,agent-openrouter-x-ai-grok-4-1-fast-003,3,1,1,0.6904761904761905
pretrain,medical_qa_1090,agent-openrouter-x-ai-grok-4-1-fast-004,4,1,1,0.6976744186046512
pretrain,medical_qa_112,agent-openrouter-x-ai-grok-4-1-fast-005,3,0,1,0.6818181818181818
pretrain,medical_qa_779,agent-openrouter-x-ai-grok-4-1-fast-003,3,1,1,0.6888888888888889
pretrain,medical_qa_105,agent-openrouter-x-ai-grok-4-1-fast-003,3,1,1,0.6956521739130435
pretrain,medical_qa_795,agent-openrouter-x-ai-grok-4-1-fast-003,3,1,1,0.7021276595744681
pretrain,medical_qa_611,agent-openrouter-x-ai-grok-4-1-fast-003,3,1,1,0.7083333333333334
pretrain,medical_qa_1267,agent-openrouter-x-ai-grok-4-1-fast-002,6,0,1,0.6938775510204082
pretrain,medical_qa_953,agent-openrouter-x-ai-grok-4-1-fast-003,3,1,1,0.7
pretrain,medical_qa_587,agent-openrouter-x-ai-grok-4-1-fast-003,3,0,1,0.6862745098039216
pretrain,medical_qa_1213,agent-openrouter-x-ai-grok-4-1-fast-003,5,0,1,0.6730769230769231
pretrain,medical_qa_986,agent-openrouter-x-ai-grok-4-1-fast-003,5,0,1,0.660377358490566
pretrain,medical_qa_723,agent-openrouter-x-ai-grok-4-1-fast-003,3,0,1,0.6481481481481481
pretrain,medical_qa_332,agent-openrouter-x-ai-grok-4-1-fast-002,6,0,1,0.6363636363636364
pretrain,medical_qa_248,agent-openrouter-x-ai-grok-4-1-fast-002,4,1,1,0.6428571428571429
pretrain,medical_qa_662,agent-openrouter-x-ai-grok-4-1-fast-002,3,1,1,0.6491228070175439
pretrain,medical_qa_456,agent-openrouter-x-ai-grok-4-1-fast-004,5,1,1,0.6551724137931034
pretrain,medical_qa_272,agent-openrouter-x-ai-grok-4-1-fast-003,3,1,1,0.6610169491525424
pretrain,medical_qa_1052,agent-openrouter-x-ai-grok-4-1-fast-004,6,0,1,0.65
pretrain,medical_qa_449,agent-openrouter-x-ai-grok-4-1-fast-003,3,1,1,0.6557377049180327
pretrain,medical_qa_576,agent-openrouter-x-ai-grok-4-1-fast-002,3,0,1,0.6451612903225806
pretrain,medical_qa_585,agent-openrouter-x-ai-grok-4-1-fast-004,3,1,1,0.6507936507936508
pretrain,medical_qa_352,agent-openrouter-x-ai-grok-4-1-fast-002,3,1,1,0.65625
pretrain,medical_qa_254,agent-openrouter-x-ai-grok-4-1-fast-003,3,1,1,0.6615384615384615
pretrain,medical_qa_971,agent-openrouter-x-ai-grok-4-1-fast-002,3,1,1,0.6666666666666666
pretrain,medical_qa_707,agent-openrouter-x-ai-grok-4-1-fast-003,3,1,1,0.6716417910447762
pretrain,medical_qa_466,agent-openrouter-x-ai-grok-4-1-fast-002,6,0,1,0.6617647058823529
pretrain,medical_qa_513,agent-openrouter-x-ai-grok-4-1-fast-004,3,1,1,0.6666666666666666
pretrain,medical_qa_588,agent-openrouter-x-ai-grok-4-1-fast-003,3,1,1,0.6714285714285714
pretrain,medical_qa_927,agent-openrouter-x-ai-grok-4-1-fast-003,3,1,1,0.676056338028169
pretrain,medical_qa_945,agent-openrouter-x-ai-grok-4-1-fast-003,3,1,1,0.6805555555555556
pretrain,medical_qa_1218,agent-openrouter-x-ai-grok-4-1-fast-002,5,1,1,0.684931506849315
pretrain,medical_qa_345,agent-openrouter-x-ai-grok-4-1-fast-005,3,1,1,0.6891891891891891
pretrain,medical_qa_977,agent-openrouter-x-ai-grok-4-1-fast-003,3,1,1,0.6933333333333334
pretrain,medical_qa_49,agent-openrouter-x-ai-grok-4-1-fast-002,3,1,1,0.6973684210526315
pretrain,medical_qa_186,agent-openrouter-x-ai-grok-4-1-fast-003,3,1,1,0.7012987012987013
pretrain,medical_qa_126,agent-openrouter-x-ai-grok-4-1-fast-003,6,0,1,0.6923076923076923
pretrain,medical_qa_1235,agent-openrouter-x-ai-grok-4-1-fast-003,8,1,1,0.6962025316455697
pretrain,medical_qa_438,agent-openrouter-x-ai-grok-4-1-fast-002,6,1,1,0.7
pretrain,medical_qa_676,agent-openrouter-x-ai-grok-4-1-fast-004,6,1,1,0.7037037037037037
pretrain,medical_qa_508,agent-openrouter-x-ai-grok-4-1-fast-003,3,1,1,0.7073170731707317
pretrain,medical_qa_751,agent-openrouter-x-ai-grok-4-1-fast-004,5,1,1,0.7108433734939759
pretrain,medical_qa_135,agent-openrouter-x-ai-grok-4-1-fast-004,3,1,1,0.7142857142857143
pretrain,medical_qa_488,agent-openrouter-x-ai-grok-4-1-fast-003,3,1,1,0.7176470588235294
pretrain,medical_qa_547,agent-openrouter-x-ai-grok-4-1-fast-001,7,0,1,0.7093023255813954
pretrain,medical_qa_1170,agent-openrouter-x-ai-grok-4-1-fast-004,5,1,1,0.7126436781609196
pretrain,medical_qa_1136,agent-openrouter-x-ai-grok-4-1-fast-004,5,0,1,0.7045454545454546
pretrain,medical_qa_554,agent-openrouter-x-ai-grok-4-1-fast-003,3,1,1,0.7078651685393258
pretrain,medical_qa_144,agent-openrouter-x-ai-grok-4-1-fast-003,3,1,1,0.7111111111111111
pretrain,medical_qa_333,agent-openrouter-x-ai-grok-4-1-fast-001,6,0,1,0.7032967032967034
pretrain,medical_qa_891,agent-openrouter-x-ai-grok-4-1-fast-003,3,0,1,0.6956521739130435
pretrain,medical_qa_378,agent-openrouter-x-ai-grok-4-1-fast-002,6,0,1,0.6881720430107527
pretrain,medical_qa_912,agent-openrouter-x-ai-grok-4-1-fast-003,3,1,1,0.6914893617021277
pretrain,medical_qa_964,agent-openrouter-x-ai-grok-4-1-fast-003,6,0,1,0.6842105263157895
pretrain,medical_qa_226,agent-openrouter-x-ai-grok-4-1-fast-003,3,1,1,0.6875
pretrain,medical_qa_612,agent-openrouter-x-ai-grok-4-1-fast-003,3,1,1,0.6907216494845361
pretrain,medical_qa_884,agent-openrouter-x-ai-grok-4-1-fast-003,3,1,1,0.6938775510204082
pretrain,medical_qa_32,agent-openrouter-x-ai-grok-4-1-fast-004,3,1,1,0.696969696969697
pretrain,medical_qa_474,agent-openrouter-x-ai-grok-4-1-fast-003,3,1,1,0.7
pretrain,medical_qa_516,agent-openrouter-x-ai-grok-4-1-fast-004,5,1,1,0.7029702970297029
pretrain,medical_qa_1112,agent-openrouter-x-ai-grok-4-1-fast-003,3,1,1,0.7058823529411765
pretrain,medical_qa_1115,agent-openrouter-x-ai-grok-4-1-fast-004,3,1,1,0.7087378640776699
pretrain,medical_qa_908,agent-openrouter-x-ai-grok-4-1-fast-003,5,0,1,0.7019230769230769
pretrain,medical_qa_615,agent-openrouter-x-ai-grok-4-1-fast-004,7,0,1,0.6952380952380952
pretrain,medical_qa_792,agent-openrouter-x-ai-grok-4-1-fast-001,5,0,1,0.6886792452830188
pretrain,medical_qa_295,agent-openrouter-x-ai-grok-4-1-fast-003,3,1,1,0.6915887850467289
pretrain,medical_qa_722,agent-openrouter-x-ai-grok-4-1-fast-004,8,0,1,0.6851851851851852
pretrain,medical_qa_594,agent-openrouter-x-ai-grok-4-1-fast-002,5,1,1,0.6880733944954128
pretrain,medical_qa_922,agent-openrouter-x-ai-grok-4-1-fast-004,3,1,1,0.6909090909090909
pretrain,medical_qa_14,agent-openrouter-x-ai-grok-4-1-fast-003,5,1,1,0.6936936936936937
pretrain,medical_qa_328,agent-openrouter-x-ai-grok-4-1-fast-003,3,1,1,0.6964285714285714
pretrain,medical_qa_747,agent-openrouter-x-ai-grok-4-1-fast-002,3,1,1,0.6991150442477876
pretrain,medical_qa_1171,agent-openrouter-x-ai-grok-4-1-fast-002,6,1,1,0.7017543859649122
pretrain,medical_qa_233,agent-openrouter-x-ai-grok-4-1-fast-003,4,1,1,0.7043478260869566
pretrain,medical_qa_704,agent-openrouter-x-ai-grok-4-1-fast-004,3,1,1,0.7068965517241379
pretrain,medical_qa_909,agent-openrouter-x-ai-grok-4-1-fast-003,3,0,1,0.7008547008547008
pretrain,medical_qa_64,agent-openrouter-x-ai-grok-4-1-fast-005,4,0,1,0.6949152542372882
pretrain,medical_qa_892,agent-openrouter-x-ai-grok-4-1-fast-002,3,1,1,0.6974789915966386
pretrain,medical_qa_1125,agent-openrouter-x-ai-grok-4-1-fast-004,3,1,1,0.7
pretrain,medical_qa_1240,agent-openrouter-x-ai-grok-4-1-fast-003,3,1,1,0.7024793388429752
pretrain,medical_qa_172,agent-openrouter-x-ai-grok-4-1-fast-004,6,0,1,0.6967213114754098
pretrain,medical_qa_426,agent-openrouter-x-ai-grok-4-1-fast-003,6,0,1,0.6910569105691057
pretrain,medical_qa_366,agent-openrouter-x-ai-grok-4-1-fast-002,6,1,1,0.6935483870967742
pretrain,medical_qa_435,agent-openrouter-x-ai-grok-4-1-fast-003,3,1,1,0.696
pretrain,medical_qa_44,agent-openrouter-x-ai-grok-4-1-fast-002,4,0,1,0.6904761904761905
pretrain,medical_qa_621,agent-openrouter-x-ai-grok-4-1-fast-002,5,1,1,0.6929133858267716
pretrain,medical_qa_1246,agent-openrouter-x-ai-grok-4-1-fast-002,4,1,1,0.6953125
pretrain,medical_qa_1071,agent-openrouter-x-ai-grok-4-1-fast-003,3,1,1,0.6976744186046512
pretrain,medical_qa_689,agent-openrouter-x-ai-grok-4-1-fast-004,6,0,1,0.6923076923076923
pretrain,medical_qa_168,agent-openrouter-x-ai-grok-4-1-fast-001,5,0,1,0.6870229007633588
pretrain,medical_qa_202,agent-openrouter-x-ai-grok-4-1-fast-001,3,1,1,0.6893939393939394
pretrain,medical_qa_47,agent-openrouter-x-ai-grok-4-1-fast-003,3,1,1,0.6917293233082706
pretrain,medical_qa_1199,agent-openrouter-x-ai-grok-4-1-fast-005,5,0,1,0.6865671641791045
pretrain,medical_qa_1256,agent-openrouter-x-ai-grok-4-1-fast-001,6,0,1,0.6814814814814815
pretrain,medical_qa_1158,agent-openrouter-x-ai-grok-4-1-fast-003,5,0,1,0.6764705882352942
pretrain,medical_qa_782,agent-openrouter-x-ai-grok-4-1-fast-002,4,1,1,0.6788321167883211
pretrain,medical_qa_1093,agent-openrouter-x-ai-grok-4-1-fast-002,5,1,1,0.6811594202898551
pretrain,medical_qa_1032,agent-openrouter-x-ai-grok-4-1-fast-002,4,0,1,0.6762589928057554
pretrain,medical_qa_1215,agent-openrouter-x-ai-grok-4-1-fast-002,7,1,1,0.6785714285714286
pretrain,medical_qa_198,agent-openrouter-x-ai-grok-4-1-fast-003,3,0,1,0.6737588652482269
pretrain,medical_qa_310,agent-openrouter-x-ai-grok-4-1-fast-003,3,1,1,0.676056338028169
pretrain,medical_qa_511,agent-openrouter-x-ai-grok-4-1-fast-003,3,1,1,0.6783216783216783
pretrain,medical_qa_886,agent-openrouter-x-ai-grok-4-1-fast-003,3,0,1,0.6736111111111112
pretrain,medical_qa_897,agent-openrouter-x-ai-grok-4-1-fast-002,6,0,1,0.6689655172413793
pretrain,medical_qa_478,agent-openrouter-x-ai-grok-4-1-fast-003,3,1,1,0.6712328767123288
pretrain,medical_qa_229,agent-openrouter-x-ai-grok-4-1-fast-004,5,1,1,0.673469387755102
pretrain,medical_qa_289,agent-openrouter-x-ai-grok-4-1-fast-003,3,1,1,0.6756756756756757
pretrain,medical_qa_540,agent-openrouter-x-ai-grok-4-1-fast-003,3,1,1,0.6778523489932886
pretrain,medical_qa_94,agent-openrouter-x-ai-grok-4-1-fast-001,3,1,1,0.68
pretrain,medical_qa_1027,agent-openrouter-x-ai-grok-4-1-fast-004,3,1,1,0.6821192052980133
pretrain,medical_qa_453,agent-openrouter-x-ai-grok-4-1-fast-003,3,1,1,0.6842105263157895
pretrain,medical_qa_1130,agent-openrouter-x-ai-grok-4-1-fast-004,5,0,1,0.6797385620915033
pretrain,medical_qa_558,agent-openrouter-x-ai-grok-4-1-fast-004,3,1,1,0.6818181818181818
pretrain,medical_qa_570,agent-openrouter-x-ai-grok-4-1-fast-003,3,1,1,0.6838709677419355
pretrain,medical_qa_286,agent-openrouter-x-ai-grok-4-1-fast-002,4,1,1,0.6858974358974359
pretrain,medical_qa_826,agent-openrouter-x-ai-grok-4-1-fast-003,3,1,1,0.6878980891719745
pretrain,medical_qa_199,agent-openrouter-x-ai-grok-4-1-fast-002,5,1,1,0.689873417721519
pretrain,medical_qa_533,agent-openrouter-x-ai-grok-4-1-fast-003,3,1,1,0.6918238993710691
pretrain,medical_qa_69,agent-openrouter-x-ai-grok-4-1-fast-001,5,0,1,0.6875
pretrain,medical_qa_650,agent-openrouter-x-ai-grok-4-1-fast-005,3,1,1,0.6894409937888198
pretrain,medical_qa_401,agent-openrouter-x-ai-grok-4-1-fast-001,5,0,1,0.6851851851851852
pretrain,medical_qa_1091,agent-openrouter-x-ai-grok-4-1-fast-003,3,1,1,0.6871165644171779
pretrain,medical_qa_816,agent-openrouter-x-ai-grok-4-1-fast-002,4,1,1,0.6890243902439024
pretrain,medical_qa_1064,agent-openrouter-x-ai-grok-4-1-fast-004,3,1,1,0.6909090909090909
pretrain,medical_qa_1063,agent-openrouter-x-ai-grok-4-1-fast-005,5,1,1,0.6927710843373494
pretrain,medical_qa_113,agent-openrouter-x-ai-grok-4-1-fast-003,3,1,1,0.6946107784431138
pretrain,medical_qa_61,agent-openrouter-x-ai-grok-4-1-fast-004,3,1,1,0.6964285714285714
pretrain,medical_qa_583,agent-openrouter-x-ai-grok-4-1-fast-003,6,0,1,0.6923076923076923
pretrain,medical_qa_1049,agent-openrouter-x-ai-grok-4-1-fast-003,3,1,1,0.6941176470588235
pretrain,medical_qa_1028,agent-openrouter-x-ai-grok-4-1-fast-003,3,1,1,0.695906432748538
pretrain,medical_qa_669,agent-openrouter-x-ai-grok-4-1-fast-003,3,1,1,0.6976744186046512
pretrain,medical_qa_446,agent-openrouter-x-ai-grok-4-1-fast-003,3,1,1,0.6994219653179191
pretrain,medical_qa_529,agent-openrouter-x-ai-grok-4-1-fast-003,3,1,1,0.7011494252873564
pretrain,medical_qa_365,agent-openrouter-x-ai-grok-4-1-fast-003,6,0,1,0.6971428571428572
pretrain,medical_qa_157,agent-openrouter-x-ai-grok-4-1-fast-003,3,1,1,0.6988636363636364
pretrain,medical_qa_505,agent-openrouter-x-ai-grok-4-1-fast-003,3,1,1,0.7005649717514124
pretrain,medical_qa_137,agent-openrouter-x-ai-grok-4-1-fast-002,5,1,1,0.702247191011236
pretrain,medical_qa_915,agent-openrouter-x-ai-grok-4-1-fast-004,3,1,1,0.7039106145251397
pretrain,medical_qa_216,agent-openrouter-x-ai-grok-4-1-fast-002,3,1,1,0.7055555555555556
pretrain,medical_qa_247,agent-openrouter-x-ai-grok-4-1-fast-004,3,1,1,0.7071823204419889
pretrain,medical_qa_38,agent-openrouter-x-ai-grok-4-1-fast-002,5,1,1,0.7087912087912088
pretrain,medical_qa_1033,agent-openrouter-x-ai-grok-4-1-fast-003,3,1,1,0.7103825136612022
pretrain,medical_qa_213,agent-openrouter-x-ai-grok-4-1-fast-003,3,1,1,0.7119565217391305
pretrain,medical_qa_1231,agent-openrouter-x-ai-grok-4-1-fast-004,3,1,1,0.7135135135135136
pretrain,medical_qa_413,agent-openrouter-x-ai-grok-4-1-fast-002,3,1,1,0.7150537634408602
pretrain,medical_qa_1193,agent-openrouter-x-ai-grok-4-1-fast-004,3,0,1,0.7112299465240641
pretrain,medical_qa_11,agent-openrouter-x-ai-grok-4-1-fast-003,3,1,1,0.7127659574468085
pretrain,medical_qa_422,agent-openrouter-x-ai-grok-4-1-fast-002,4,0,1,0.708994708994709
pretrain,medical_qa_671,agent-openrouter-x-ai-grok-4-1-fast-003,3,1,1,0.7105263157894737
pretrain,medical_qa_329,agent-openrouter-x-ai-grok-4-1-fast-003,3,1,1,0.7120418848167539
pretrain,medical_qa_560,agent-openrouter-x-ai-grok-4-1-fast-003,6,0,1,0.7083333333333334
pretrain,medical_qa_30,agent-openrouter-x-ai-grok-4-1-fast-002,3,1,1,0.7098445595854922
pretrain,medical_qa_1183,agent-openrouter-x-ai-grok-4-1-fast-003,4,0,1,0.7061855670103093
pretrain,medical_qa_252,agent-openrouter-x-ai-grok-4-1-fast-005,6,0,1,0.7025641025641025
pretrain,medical_qa_748,agent-openrouter-x-ai-grok-4-1-fast-003,3,1,1,0.7040816326530612
pretrain,medical_qa_873,agent-openrouter-x-ai-grok-4-1-fast-001,3,0,1,0.700507614213198
pretrain,medical_qa_900,agent-openrouter-x-ai-grok-4-1-fast-003,3,1,1,0.702020202020202
pretrain,medical_qa_1113,agent-openrouter-x-ai-grok-4-1-fast-003,3,1,1,0.7035175879396985
pretrain,medical_qa_298,agent-openrouter-x-ai-grok-4-1-fast-002,5,1,1,0.705
pretrain,medical_qa_1124,agent-openrouter-x-ai-grok-4-1-fast-003,3,1,1,0.7064676616915423
pretrain,medical_qa_311,agent-openrouter-x-ai-grok-4-1-fast-002,4,0,1,0.7029702970297029
pretrain,medical_qa_115,agent-openrouter-x-ai-grok-4-1-fast-003,3,1,1,0.7044334975369458
pretrain,medical_qa_925,agent-openrouter-x-ai-grok-4-1-fast-003,3,1,1,0.7058823529411765
pretrain,medical_qa_687,agent-openrouter-x-ai-grok-4-1-fast-002,3,1,1,0.7073170731707317
pretrain,medical_qa_658,agent-openrouter-x-ai-grok-4-1-fast-003,3,1,1,0.7087378640776699
pretrain,medical_qa_841,agent-openrouter-x-ai-grok-4-1-fast-004,7,0,1,0.7053140096618358
pretrain,medical_qa_1018,agent-openrouter-x-ai-grok-4-1-fast-003,3,0,1,0.7019230769230769
pretrain,medical_qa_217,agent-openrouter-x-ai-grok-4-1-fast-001,6,1,1,0.7033492822966507
pretrain,medical_qa_527,agent-openrouter-x-ai-grok-4-1-fast-002,5,1,1,0.7047619047619048
pretrain,medical_qa_929,agent-openrouter-x-ai-grok-4-1-fast-001,3,0,1,0.7014218009478673
pretrain,medical_qa_766,agent-openrouter-x-ai-grok-4-1-fast-003,3,1,1,0.7028301886792453
pretrain,medical_qa_1161,agent-openrouter-x-ai-grok-4-1-fast-003,6,1,1,0.704225352112676
pretrain,medical_qa_804,agent-openrouter-x-ai-grok-4-1-fast-003,3,1,1,0.705607476635514
pretrain,medical_qa_156,agent-openrouter-x-ai-grok-4-1-fast-002,3,1,1,0.7069767441860465
pretrain,medical_qa_1184,agent-openrouter-x-ai-grok-4-1-fast-003,3,1,1,0.7083333333333334
pretrain,medical_qa_230,agent-openrouter-x-ai-grok-4-1-fast-003,3,1,1,0.7096774193548387
pretrain,medical_qa_424,agent-openrouter-x-ai-grok-4-1-fast-003,3,1,1,0.7110091743119266
pretrain,medical_qa_227,agent-openrouter-x-ai-grok-4-1-fast-003,3,1,1,0.7123287671232876
pretrain,medical_qa_522,agent-openrouter-x-ai-grok-4-1-fast-002,5,1,1,0.7136363636363636
pretrain,medical_qa_678,agent-openrouter-x-ai-grok-4-1-fast-004,5,0,1,0.7104072398190046
pretrain,medical_qa_445,agent-openrouter-x-ai-grok-4-1-fast-003,3,1,1,0.7117117117117117
pretrain,medical_qa_400,agent-openrouter-x-ai-grok-4-1-fast-003,5,1,1,0.7130044843049327
pretrain,medical_qa_573,agent-openrouter-x-ai-grok-4-1-fast-001,5,0,1,0.7098214285714286
pretrain,medical_qa_193,agent-openrouter-x-ai-grok-4-1-fast-003,5,1,1,0.7111111111111111
pretrain,medical_qa_399,agent-openrouter-x-ai-grok-4-1-fast-002,3,1,1,0.7123893805309734
pretrain,medical_qa_1266,agent-openrouter-x-ai-grok-4-1-fast-003,3,1,1,0.7136563876651982
pretrain,medical_qa_1176,agent-openrouter-x-ai-grok-4-1-fast-002,5,0,1,0.7105263157894737
pretrain,medical_qa_1020,agent-openrouter-x-ai-grok-4-1-fast-004,4,1,1,0.7117903930131004
pretrain,medical_qa_293,agent-openrouter-x-ai-grok-4-1-fast-002,3,1,1,0.7130434782608696
pretrain,medical_qa_142,agent-openrouter-x-ai-grok-4-1-fast-003,5,1,1,0.7142857142857143
pretrain,medical_qa_487,agent-openrouter-x-ai-grok-4-1-fast-003,3,1,1,0.7155172413793104
pretrain,medical_qa_877,agent-openrouter-x-ai-grok-4-1-fast-004,3,1,1,0.7167381974248928
pretrain,medical_qa_737,agent-openrouter-x-ai-grok-4-1-fast-004,4,1,1,0.717948717948718
pretrain,medical_qa_109,agent-openrouter-x-ai-grok-4-1-fast-002,4,0,1,0.7148936170212766
pretrain,medical_qa_129,agent-openrouter-x-ai-grok-4-1-fast-002,6,0,1,0.711864406779661
pretrain,medical_qa_124,agent-openrouter-x-ai-grok-4-1-fast-004,4,0,1,0.7088607594936709
pretrain,medical_qa_471,agent-openrouter-x-ai-grok-4-1-fast-003,3,0,1,0.7058823529411765
pretrain,medical_qa_361,agent-openrouter-x-ai-grok-4-1-fast-001,3,1,1,0.7071129707112971
pretrain,medical_qa_565,agent-openrouter-x-ai-grok-4-1-fast-003,3,1,1,0.7083333333333334
pretrain,medical_qa_629,agent-openrouter-x-ai-grok-4-1-fast-003,3,1,1,0.7095435684647303
pretrain,medical_qa_1224,agent-openrouter-x-ai-grok-4-1-fast-002,5,0,1,0.7066115702479339
pretrain,medical_qa_455,agent-openrouter-x-ai-grok-4-1-fast-003,3,1,1,0.7078189300411523
pretrain,medical_qa_914,agent-openrouter-x-ai-grok-4-1-fast-003,3,1,1,0.7090163934426229
pretrain,medical_qa_1269,agent-openrouter-x-ai-grok-4-1-fast-002,6,1,1,0.710204081632653
pretrain,medical_qa_966,agent-openrouter-x-ai-grok-4-1-fast-002,3,1,1,0.7113821138211383
pretrain,medical_qa_1211,agent-openrouter-x-ai-grok-4-1-fast-003,5,1,1,0.7125506072874493
pretrain,medical_qa_218,agent-openrouter-x-ai-grok-4-1-fast-003,3,1,1,0.7137096774193549
pretrain,medical_qa_847,agent-openrouter-x-ai-grok-4-1-fast-003,3,1,1,0.714859437751004
pretrain,medical_qa_1142,agent-openrouter-x-ai-grok-4-1-fast-003,5,0,1,0.712
pretrain,medical_qa_108,agent-openrouter-x-ai-grok-4-1-fast-001,6,0,1,0.7091633466135459
pretrain,medical_qa_520,agent-openrouter-x-ai-grok-4-1-fast-005,3,1,1,0.7103174603174603
pretrain,medical_qa_771,agent-openrouter-x-ai-grok-4-1-fast-003,7,1,1,0.7114624505928854
pretrain,medical_qa_97,agent-openrouter-x-ai-grok-4-1-fast-003,3,1,1,0.7125984251968503
pretrain,medical_qa_607,agent-openrouter-x-ai-grok-4-1-fast-002,3,1,1,0.7137254901960784
pretrain,medical_qa_1262,agent-openrouter-x-ai-grok-4-1-fast-003,6,1,1,0.71484375
pretrain,medical_qa_865,agent-openrouter-x-ai-grok-4-1-fast-004,5,0,1,0.7120622568093385
pretrain,medical_qa_753,agent-openrouter-x-ai-grok-4-1-fast-004,3,1,1,0.7131782945736435
pretrain,medical_qa_84,agent-openrouter-x-ai-grok-4-1-fast-002,5,1,1,0.7142857142857143
pretrain,medical_qa_799,agent-openrouter-x-ai-grok-4-1-fast-001,5,1,1,0.7153846153846154
pretrain,medical_qa_684,agent-openrouter-x-ai-grok-4-1-fast-002,5,0,1,0.7126436781609196
pretrain,medical_qa_210,agent-openrouter-x-ai-grok-4-1-fast-003,4,1,1,0.7137404580152672
pretrain,medical_qa_393,agent-openrouter-x-ai-grok-4-1-fast-003,3,1,1,0.714828897338403
pretrain,medical_qa_184,agent-openrouter-x-ai-grok-4-1-fast-003,3,1,1,0.7159090909090909
pretrain,medical_qa_428,agent-openrouter-x-ai-grok-4-1-fast-004,3,1,1,0.7169811320754716
pretrain,medical_qa_837,agent-openrouter-x-ai-grok-4-1-fast-001,6,1,1,0.7180451127819549
pretrain,medical_qa_486,agent-openrouter-x-ai-grok-4-1-fast-002,6,0,1,0.7153558052434457
pretrain,medical_qa_1247,agent-openrouter-x-ai-grok-4-1-fast-004,3,1,1,0.7164179104477612
pretrain,medical_qa_5,agent-openrouter-x-ai-grok-4-1-fast-001,5,1,1,0.7174721189591078
pretrain,medical_qa_166,agent-openrouter-x-ai-grok-4-1-fast-002,4,1,1,0.7185185185185186
pretrain,medical_qa_1087,agent-openrouter-x-ai-grok-4-1-fast-003,3,1,1,0.7195571955719557
pretrain,medical_qa_338,agent-openrouter-x-ai-grok-4-1-fast-002,5,0,1,0.7169117647058824
pretrain,medical_qa_1197,agent-openrouter-x-ai-grok-4-1-fast-003,3,1,1,0.717948717948718
pretrain,medical_qa_100,agent-openrouter-x-ai-grok-4-1-fast-004,3,1,1,0.718978102189781
pretrain,medical_qa_149,agent-openrouter-x-ai-grok-4-1-fast-003,3,0,1,0.7163636363636363
pretrain,medical_qa_224,agent-openrouter-x-ai-grok-4-1-fast-002,3,1,1,0.717391304347826
pretrain,medical_qa_468,agent-openrouter-x-ai-grok-4-1-fast-003,7,0,1,0.7148014440433214
pretrain,medical_qa_440,agent-openrouter-x-ai-grok-4-1-fast-004,3,1,1,0.7158273381294964
pretrain,medical_qa_205,agent-openrouter-x-ai-grok-4-1-fast-003,5,1,1,0.7168458781362007
pretrain,medical_qa_677,agent-openrouter-x-ai-grok-4-1-fast-003,3,0,1,0.7142857142857143
pretrain,medical_qa_414,agent-openrouter-x-ai-grok-4-1-fast-002,5,1,1,0.7153024911032029
pretrain,medical_qa_905,agent-openrouter-x-ai-grok-4-1-fast-003,3,0,1,0.7127659574468085
pretrain,medical_qa_1106,agent-openrouter-x-ai-grok-4-1-fast-003,3,1,1,0.7137809187279152
pretrain,medical_qa_155,agent-openrouter-x-ai-grok-4-1-fast-003,7,1,1,0.7147887323943662
pretrain,medical_qa_1134,agent-openrouter-x-ai-grok-4-1-fast-003,3,1,1,0.7157894736842105
pretrain,medical_qa_1078,agent-openrouter-x-ai-grok-4-1-fast-005,3,0,1,0.7132867132867133
pretrain,medical_qa_712,agent-openrouter-x-ai-grok-4-1-fast-002,5,1,1,0.7142857142857143
pretrain,medical_qa_92,agent-openrouter-x-ai-grok-4-1-fast-003,3,1,1,0.7152777777777778
pretrain,medical_qa_895,agent-openrouter-x-ai-grok-4-1-fast-003,5,0,1,0.71280276816609
pretrain,medical_qa_812,agent-openrouter-x-ai-grok-4-1-fast-002,5,1,1,0.7137931034482758
pretrain,medical_qa_879,agent-openrouter-x-ai-grok-4-1-fast-002,7,1,1,0.7147766323024055
pretrain,medical_qa_367,agent-openrouter-x-ai-grok-4-1-fast-004,5,1,1,0.7157534246575342
pretrain,medical_qa_450,agent-openrouter-x-ai-grok-4-1-fast-004,5,0,1,0.7133105802047781
pretrain,medical_qa_211,agent-openrouter-x-ai-grok-4-1-fast-002,5,0,1,0.7108843537414966
pretrain,medical_qa_1121,agent-openrouter-x-ai-grok-4-1-fast-003,3,1,1,0.711864406779661
pretrain,medical_qa_240,agent-openrouter-x-ai-grok-4-1-fast-003,4,1,1,0.7128378378378378
pretrain,medical_qa_441,agent-openrouter-x-ai-grok-4-1-fast-002,3,1,1,0.7138047138047138
pretrain,medical_qa_349,agent-openrouter-x-ai-grok-4-1-fast-002,6,0,1,0.7114093959731543
pretrain,medical_qa_868,agent-openrouter-x-ai-grok-4-1-fast-003,3,1,1,0.7123745819397993
pretrain,medical_qa_146,agent-openrouter-x-ai-grok-4-1-fast-003,5,0,1,0.71
test,medical_qa_91,agent-openrouter-x-ai-grok-4-1-fast-001,3,1,1,1.0
test,medical_qa_1123,agent-openrouter-x-ai-grok-4-1-fast-003,3,1,1,1.0
test,medical_qa_9,agent-openrouter-x-ai-grok-4-1-fast-003,3,0,1,0.6666666666666666
test,medical_qa_876,agent-openrouter-x-ai-grok-4-1-fast-001,4,0,1,0.5
test,medical_qa_1141,agent-openrouter-x-ai-grok-4-1-fast-003,3,1,1,0.6
test,medical_qa_1145,agent-openrouter-x-ai-grok-4-1-fast-003,3,1,1,0.6666666666666666
test,medical_qa_410,agent-openrouter-x-ai-grok-4-1-fast-002,3,1,1,0.7142857142857143
test,medical_qa_353,agent-openrouter-x-ai-grok-4-1-fast-003,3,1,1,0.75
test,medical_qa_234,agent-openrouter-x-ai-grok-4-1-fast-002,6,1,1,0.7777777777777778
test,medical_qa_62,agent-openrouter-x-ai-grok-4-1-fast-003,5,0,1,0.7
test,medical_qa_1150,agent-openrouter-x-ai-grok-4-1-fast-002,6,0,1,0.6363636363636364
test,medical_qa_563,agent-openrouter-x-ai-grok-4-1-fast-003,3,1,1,0.6666666666666666
test,medical_qa_66,agent-openrouter-x-ai-grok-4-1-fast-003,3,1,1,0.6923076923076923
test,medical_qa_1031,agent-openrouter-x-ai-grok-4-1-fast-003,3,1,1,0.7142857142857143
test,medical_qa_255,agent-openrouter-x-ai-grok-4-1-fast-003,3,1,1,0.7333333333333333
test,medical_qa_1138,agent-openrouter-x-ai-grok-4-1-fast-002,5,0,1,0.6875
test,medical_qa_777,agent-openrouter-x-ai-grok-4-1-fast-001,3,1,1,0.7058823529411765
test,medical_qa_1162,agent-openrouter-x-ai-grok-4-1-fast-003,3,1,1,0.7222222222222222
test,medical_qa_1244,agent-openrouter-x-ai-grok-4-1-fast-001,3,0,1,0.6842105263157895
test,medical_qa_1164,agent-openrouter-x-ai-grok-4-1-fast-003,5,0,1,0.65
test,medical_qa_619,agent-openrouter-x-ai-grok-4-1-fast-004,3,1,1,0.6666666666666666
test,medical_qa_656,agent-openrouter-x-ai-grok-4-1-fast-002,6,1,1,0.6818181818181818
test,medical_qa_1094,agent-openrouter-x-ai-grok-4-1-fast-002,6,0,1,0.6521739130434783
test,medical_qa_269,agent-openrouter-x-ai-grok-4-1-fast-003,3,1,1,0.6666666666666666
test,medical_qa_430,agent-openrouter-x-ai-grok-4-1-fast-004,4,1,1,0.68
test,medical_qa_568,agent-openrouter-x-ai-grok-4-1-fast-002,4,1,1,0.6923076923076923
test,medical_qa_376,agent-openrouter-x-ai-grok-4-1-fast-003,3,1,1,0.7037037037037037
test,medical_qa_379,agent-openrouter-x-ai-grok-4-1-fast-004,3,1,1,0.7142857142857143
test,medical_qa_641,agent-openrouter-x-ai-grok-4-1-fast-003,3,1,1,0.7241379310344828
test,medical_qa_133,agent-openrouter-x-ai-grok-4-1-fast-003,3,1,1,0.7333333333333333
test,medical_qa_950,agent-openrouter-x-ai-grok-4-1-fast-002,4,0,1,0.7096774193548387
test,medical_qa_34,agent-openrouter-x-ai-grok-4-1-fast-002,7,1,1,0.71875
test,medical_qa_617,agent-openrouter-x-ai-grok-4-1-fast-003,3,1,1,0.7272727272727273
test,medical_qa_296,agent-openrouter-x-ai-grok-4-1-fast-002,4,1,1,0.7352941176470589
test,medical_qa_1038,agent-openrouter-x-ai-grok-4-1-fast-003,3,1,1,0.7428571428571429
test,medical_qa_320,agent-openrouter-x-ai-grok-4-1-fast-003,3,1,1,0.75
test,medical_qa_706,agent-openrouter-x-ai-grok-4-1-fast-003,3,0,1,0.7297297297297297
test,medical_qa_1252,agent-openrouter-x-ai-grok-4-1-fast-003,3,1,1,0.7368421052631579
test,medical_qa_1055,agent-openrouter-x-ai-grok-4-1-fast-002,4,1,1,0.7435897435897436
test,medical_qa_518,agent-openrouter-x-ai-grok-4-1-fast-002,7,0,1,0.725
test,medical_qa_2,agent-openrouter-x-ai-grok-4-1-fast-002,5,0,1,0.7073170731707317
test,medical_qa_1016,agent-openrouter-x-ai-grok-4-1-fast-003,3,1,1,0.7142857142857143
test,medical_qa_301,agent-openrouter-x-ai-grok-4-1-fast-001,7,0,1,0.6976744186046512
test,medical_qa_81,agent-openrouter-x-ai-grok-4-1-fast-003,5,1,1,0.7045454545454546
test,medical_qa_1196,agent-openrouter-x-ai-grok-4-1-fast-002,6,0,1,0.6888888888888889
test,medical_qa_188,agent-openrouter-x-ai-grok-4-1-fast-002,4,0,1,0.6739130434782609
test,medical_qa_1230,agent-openrouter-x-ai-grok-4-1-fast-004,5,0,1,0.6595744680851063
test,medical_qa_982,agent-openrouter-x-ai-grok-4-1-fast-003,3,1,1,0.6666666666666666
test,medical_qa_1190,agent-openrouter-x-ai-grok-4-1-fast-003,3,1,1,0.673469387755102
test,medical_qa_1056,agent-openrouter-x-ai-grok-4-1-fast-003,3,1,1,0.68
test,medical_qa_610,agent-openrouter-x-ai-grok-4-1-fast-003,3,1,1,0.6862745098039216
test,medical_qa_546,agent-openrouter-x-ai-grok-4-1-fast-002,3,1,1,0.6923076923076923
test,medical_qa_203,agent-openrouter-x-ai-grok-4-1-fast-004,3,1,1,0.6981132075471698
test,medical_qa_1082,agent-openrouter-x-ai-grok-4-1-fast-003,3,1,1,0.7037037037037037
test,medical_qa_979,agent-openrouter-x-ai-grok-4-1-fast-005,4,0,1,0.6909090909090909
test,medical_qa_694,agent-openrouter-x-ai-grok-4-1-fast-003,3,1,1,0.6964285714285714
test,medical_qa_72,agent-openrouter-x-ai-grok-4-1-fast-003,5,1,1,0.7017543859649122
test,medical_qa_196,agent-openrouter-x-ai-grok-4-1-fast-003,3,0,1,0.6896551724137931
test,medical_qa_811,agent-openrouter-x-ai-grok-4-1-fast-003,3,1,1,0.6949152542372882
test,medical_qa_949,agent-openrouter-x-ai-grok-4-1-fast-004,5,0,1,0.6833333333333333
test,medical_qa_437,agent-openrouter-x-ai-grok-4-1-fast-003,3,1,1,0.6885245901639344
test,medical_qa_492,agent-openrouter-x-ai-grok-4-1-fast-002,3,1,1,0.6935483870967742
test,medical_qa_290,agent-openrouter-x-ai-grok-4-1-fast-003,3,0,1,0.6825396825396826
test,medical_qa_901,agent-openrouter-x-ai-grok-4-1-fast-004,5,1,1,0.6875
test,medical_qa_566,agent-openrouter-x-ai-grok-4-1-fast-001,5,0,1,0.676923076923077
test,medical_qa_557,agent-openrouter-x-ai-grok-4-1-fast-002,5,0,1,0.6666666666666666
test,medical_qa_167,agent-openrouter-x-ai-grok-4-1-fast-003,3,1,1,0.6716417910447762
test,medical_qa_396,agent-openrouter-x-ai-grok-4-1-fast-003,3,1,1,0.6764705882352942
test,medical_qa_27,agent-openrouter-x-ai-grok-4-1-fast-004,5,1,1,0.6811594202898551
test,medical_qa_266,agent-openrouter-x-ai-grok-4-1-fast-003,4,0,1,0.6714285714285714
test,medical_qa_31,agent-openrouter-x-ai-grok-4-1-fast-001,4,0,1,0.6619718309859155
test,medical_qa_640,agent-openrouter-x-ai-grok-4-1-fast-003,3,1,1,0.6666666666666666
test,medical_qa_1198,agent-openrouter-x-ai-grok-4-1-fast-003,3,0,1,0.6575342465753424
test,medical_qa_165,agent-openrouter-x-ai-grok-4-1-fast-003,3,1,1,0.6621621621621622
test,medical_qa_197,agent-openrouter-x-ai-grok-4-1-fast-003,3,1,1,0.6666666666666666
test,medical_qa_374,agent-openrouter-x-ai-grok-4-1-fast-002,5,0,1,0.6578947368421053
test,medical_qa_1160,agent-openrouter-x-ai-grok-4-1-fast-004,5,1,1,0.6623376623376623
test,medical_qa_103,agent-openrouter-x-ai-grok-4-1-fast-003,5,1,1,0.6666666666666666
test,medical_qa_139,agent-openrouter-x-ai-grok-4-1-fast-002,5,0,1,0.6582278481012658
test,medical_qa_752,agent-openrouter-x-ai-grok-4-1-fast-004,6,0,1,0.65
test,medical_qa_695,agent-openrouter-x-ai-grok-4-1-fast-002,4,1,1,0.654320987654321
test,medical_qa_1258,agent-openrouter-x-ai-grok-4-1-fast-003,3,1,1,0.6585365853658537
test,medical_qa_836,agent-openrouter-x-ai-grok-4-1-fast-003,3,1,1,0.6626506024096386
test,medical_qa_888,agent-openrouter-x-ai-grok-4-1-fast-002,5,1,1,0.6666666666666666
test,medical_qa_369,agent-openrouter-x-ai-grok-4-1-fast-003,3,1,1,0.6705882352941176
test,medical_qa_58,agent-openrouter-x-ai-grok-4-1-fast-003,3,1,1,0.6744186046511628
test,medical_qa_260,agent-openrouter-x-ai-grok-4-1-fast-003,3,1,1,0.6781609195402298
test,medical_qa_700,agent-openrouter-x-ai-grok-4-1-fast-003,5,1,1,0.6818181818181818
test,medical_qa_743,agent-openrouter-x-ai-grok-4-1-fast-003,3,1,1,0.6853932584269663
test,medical_qa_1061,agent-openrouter-x-ai-grok-4-1-fast-004,3,1,1,0.6888888888888889
test,medical_qa_420,agent-openrouter-x-ai-grok-4-1-fast-003,3,1,1,0.6923076923076923
test,medical_qa_1111,agent-openrouter-x-ai-grok-4-1-fast-004,3,1,1,0.6956521739130435
test,medical_qa_635,agent-openrouter-x-ai-grok-4-1-fast-002,5,0,1,0.6881720430107527
test,medical_qa_1104,agent-openrouter-x-ai-grok-4-1-fast-003,3,1,1,0.6914893617021277
test,medical_qa_531,agent-openrouter-x-ai-grok-4-1-fast-004,6,0,1,0.6842105263157895
test,medical_qa_567,agent-openrouter-x-ai-grok-4-1-fast-003,3,1,1,0.6875
test,medical_qa_1187,agent-openrouter-x-ai-grok-4-1-fast-003,3,1,1,0.6907216494845361
test,medical_qa_987,agent-openrouter-x-ai-grok-4-1-fast-003,3,1,1,0.6938775510204082
test,medical_qa_123,agent-openrouter-x-ai-grok-4-1-fast-003,3,1,1,0.696969696969697
test,medical_qa_337,agent-openrouter-x-ai-grok-4-1-fast-005,4,0,1,0.69
